,officer_age_1,officer_age_10,officer_age_11,officer_age_2,officer_age_3,officer_age_4,officer_age_5,officer_age_6,officer_age_7,officer_age_8,officer_age_9,officer_caused_injury_2,officer_caused_injury_3,officer_gender_1,officer_gender_10,officer_gender_11,officer_gender_2,officer_gender_3,officer_gender_4,officer_gender_5,officer_gender_6,officer_gender_7,officer_gender_8,officer_gender_9,officer_on_duty,officer_race_1,officer_race_10,officer_race_11,officer_race_2,officer_race_3,officer_race_4,officer_race_5,officer_race_6,officer_race_7,officer_race_8,officer_race_9
66,37.0,,,,,,,,,,,OTHER - SPECIFY TYPE OF CALL,,MALE,,,,,,,,,,,True,WHITE,,,,,,,,,,
67,27.0,,,,,,,,,,,,,MALE,,,,,,,,,,,False,WHITE,,,,,,,,,,
68,38.0,,,26.0,,,,,,,,,,MALE,,,FEMALE,,,,,,,,True,WHITE,,,WHITE,,,,,,,
69,26.0,,,,,,,,,,,,,MALE,,,,,,,,,,,True,HISPANIC,,,,,,,,,,
70,34.0,,,39.0,36.0,,,,,,,,,MALE,,,MALE,MALE,,,,,,,True,WHITE,,,WHITE,WHITE,,,,,,
71,46.0,,,,,,,,,,,,,MALE,,,,,,,,,,,True,WHITE,,,,,,,,,,
72,46.0,,,41.0,45.0,,,,,,,OTHER - SPECIFY TYPE OF CALL,,MALE,,,MALE,MALE,,,,,,,True,HISPANIC,,,HISPANIC,WHITE,,,,,,
73,30.0,,,,,,,,,,,,,MALE,,,,,,,,,,,True,WHITE,,,,,,,,,,
74,36.0,,,30.0,27.0,,,,,,,,,MALE,,,MALE,MALE,,,,,,,True,WHITE,,,WHITE,WHITE,,,,,,
75,32.0,,,,,,,,,,,,,MALE,,,,,,,,,,,True,WHITE,,,,,,,,,,
76,25.0,,,,,,,,,,,,,MALE,,,,,,,,,,,False,WHITE,,,,,,,,,,
77,36.0,,,,,,,,,,,,,MALE,,,,,,,,,,,True,WHITE,,,,,,,,,,
78,25.0,,,,,,,,,,,,,MALE,,,,,,,,,,,True,HISPANIC,,,,,,,,,,
79,36.0,,,,,,,,,,,,,MALE,,,,,,,,,,,True,WHITE,,,,,,,,,,
80,47.0,,,,,,,,,,,,,MALE,,,,,,,,,,,False,WHITE,,,,,,,,,,
81,38.0,,,,,,,,,,,,,MALE,,,,,,,,,,,True,WHITE,,,,,,,,,,
82,41.0,,,,,,,,,,,,,MALE,,,,,,,,,,,True,BLACK,,,,,,,,,,
83,36.0,,,32.0,41.0,,,,,,,"HOSTAGE, BARRICADE, OR OTHER EMERGENCY SITUATION",,MALE,,,MALE,MALE,,,,,,,True,BLACK,,,WHITE,WHITE,,,,,,
84,53.0,,,42.0,50.0,44.0,,,,,,,,MALE,,,MALE,MALE,MALE,,,,,,True,WHITE,,,WHITE,HISPANIC,WHITE,,,,,
85,50.0,,,,,,,,,,,,,MALE,,,,,,,,,,,True,HISPANIC,,,,,,,,,,
86,27.0,,,,,,,,,,,,,MALE,,,,,,,,,,,True,WHITE,,,,,,,,,,
87,29.0,,,38.0,,,,,,,,,,MALE,,,MALE,,,,,,,,True,WHITE,,,WHITE,,,,,,,
88,33.0,,,,,,,,,,,,,MALE,,,,,,,,,,,True,HISPANIC,,,,,,,,,,
89,52.0,,,,,,,,,,,,,MALE,,,,,,,,,,,True,WHITE,,,,,,,,,,
90,59.0,,,26.0,,,,,,,,,,MALE,,,MALE,,,,,,,,True,WHITE,,,HISPANIC,,,,,,,
91,31.0,,,37.0,32.0,47.0,,,,,,OTHER - SPECIFY TYPE OF CALL,TRAFFIC STOP,FEMALE,,,MALE,MALE,MALE,,,,,,True,HISPANIC,,,HISPANIC,HISPANIC,BLACK,,,,,
92,52.0,,,,,,,,,,,,,MALE,,,,,,,,,,,True,HISPANIC,,,,,,,,,,
93,29.0,,,,,,,,,,,OTHER - SPECIFY TYPE OF CALL,,MALE,,,,,,,,,,,True,WHITE,,,,,,,,,,
94,26.0,,,,,,,,,,,,,MALE,,,,,,,,,,,True,WHITE,,,,,,,,,,
95,26.0,,,,,,,,,,,,,MALE,,,,,,,,,,,True,HISPANIC,,,,,,,,,,
96,29.0,,,,,,,,,,,,,MALE,,,,,,,,,,,True,HISPANIC,,,,,,,,,,
97,27.0,,,,,,,,,,,,,MALE,,,,,,,,,,,True,BLACK,,,,,,,,,,
98,60.0,,,,,,,,,,,,,MALE,,,,,,,,,,,False,WHITE,,,,,,,,,,
99,35.0,,,,,,,,,,,,,MALE,,,,,,,,,,,False,BLACK,,,,,,,,,,
100,35.0,,,,,,,,,,,,,MALE,,,,,,,,,,,False,BLACK,,,,,,,,,,
101,35.0,,,,,,,,,,,,,MALE,,,,,,,,,,,True,HISPANIC,,,,,,,,,,
102,37.0,,,,,,,,,,,OTHER - SPECIFY TYPE OF CALL,,MALE,,,,,,,,,,,True,WHITE,,,,,,,,,,
103,36.0,,,42.0,,,,,,,,TRAFFIC STOP,EXECUTION OF A WARRANT,MALE,,,MALE,,,,,,,,True,WHITE,,,WHITE,,,,,,,
104,42.0,,,43.0,,,,,,,,,,MALE,,,MALE,,,,,,,,True,HISPANIC,,,HISPANIC,,,,,,,
105,24.0,,,,,,,,,,,,,MALE,,,,,,,,,,,False,WHITE,,,,,,,,,,
106,24.0,,,,,,,,,,,,,MALE,,,,,,,,,,,False,WHITE,,,,,,,,,,
107,42.0,,,40.0,,,,,,,,,,FEMALE,,,MALE,,,,,,,,True,OTHER,,,WHITE,,,,,,,
108,25.0,,,29.0,31.0,34.0,46.0,,,,,,,MALE,,,MALE,MALE,MALE,MALE,,,,,True,WHITE,,,WHITE,WHITE,WHITE,WHITE,,,,
109,25.0,,,29.0,31.0,34.0,46.0,,,,,,,MALE,,,MALE,MALE,MALE,MALE,,,,,True,WHITE,,,WHITE,WHITE,WHITE,WHITE,,,,
110,31.0,,,25.0,29.0,34.0,46.0,,,,,,,MALE,,,MALE,MALE,MALE,MALE,,,,,True,WHITE,,,WHITE,WHITE,WHITE,WHITE,,,,
111,25.0,,,29.0,31.0,34.0,46.0,,,,,,,MALE,,,MALE,MALE,MALE,MALE,,,,,True,WHITE,,,WHITE,WHITE,WHITE,WHITE,,,,
112,40.0,,,48.0,46.0,47.0,,,,,,,,MALE,,,MALE,MALE,MALE,,,,,,True,HISPANIC,,,HISPANIC,HISPANIC,HISPANIC,,,,,
113,29.0,,,,,,,,,,,,,MALE,,,,,,,,,,,True,WHITE,,,,,,,,,,
114,49.0,,,,,,,,,,,,,MALE,,,,,,,,,,,True,WHITE,,,,,,,,,,
115,31.0,,,,,,,,,,,,,MALE,,,,,,,,,,,True,WHITE,,,,,,,,,,
116,25.0,,,,,,,,,,,,,MALE,,,,,,,,,,,True,WHITE,,,,,,,,,,
117,28.0,,,,,,,,,,,,,MALE,,,,,,,,,,,True,WHITE,,,,,,,,,,
118,37.0,,,,,,,,,,,,,MALE,,,,,,,,,,,True,HISPANIC,,,,,,,,,,
119,32.0,,,,,,,,,,,,,MALE,,,,,,,,,,,True,HISPANIC,,,,,,,,,,
120,33.0,,,,,,,,,,,,,MALE,,,,,,,,,,,True,BLACK,,,,,,,,,,
121,39.0,,,,,,,,,,,,,MALE,,,,,,,,,,,True,WHITE,,,,,,,,,,
122,43.0,,,,,,,,,,,,,FEMALE,,,,,,,,,,,False,WHITE,,,,,,,,,,
123,28.0,,,47.0,,,,,,,,,,MALE,,,MALE,,,,,,,,True,OTHER,,,WHITE,,,,,,,
124,34.0,,,,,,,,,,,,,MALE,,,,,,,,,,,True,HISPANIC,,,,,,,,,,
125,26.0,,,,,,,,,,,,,MALE,,,,,,,,,,,True,WHITE,,,,,,,,,,
126,29.0,,,,,,,,,,,,,MALE,,,,,,,,,,,True,WHITE,,,,,,,,,,
127,30.0,,,,,,,,,,,,,MALE,,,,,,,,,,,True,HISPANIC,,,,,,,,,,
128,39.0,,,,,,,,,,,,,MALE,,,,,,,,,,,True,WHITE,,,,,,,,,,
129,41.0,,,,,,,,,,,,,MALE,,,,,,,,,,,True,HISPANIC,,,,,,,,,,
130,33.0,,,,,,,,,,,,,MALE,,,,,,,,,,,True,HISPANIC,,,,,,,,,,
131,31.0,,,,,,,,,,,,,MALE,,,,,,,,,,,True,WHITE,,,,,,,,,,
132,41.0,,,,,,,,,,,,,MALE,,,,,,,,,,,True,HISPANIC,,,,,,,,,,
133,49.0,,,,,,,,,,,,,MALE,,,,,,,,,,,True,HISPANIC,,,,,,,,,,
134,35.0,,,,,,,,,,,"HOSTAGE, BARRICADE, OR OTHER EMERGENCY SITUATION",,MALE,,,,,,,,,,,True,WHITE,,,,,,,,,,
135,21.0,,,38.0,,,,,,,,,,MALE,,,MALE,,,,,,,,True,HISPANIC,,,WHITE,,,,,,,
136,33.0,,,27.0,44.0,38.0,38.0,,,,,,,MALE,,,MALE,MALE,MALE,MALE,,,,,True,WHITE,,,WHITE,WHITE,WHITE,WHITE,,,,
137,40.0,,,,,,,,,,,,,MALE,,,,,,,,,,,True,HISPANIC,,,,,,,,,,
138,35.0,,,,,,,,,,,,,MALE,,,,,,,,,,,True,WHITE,,,,,,,,,,
139,55.0,,,,,,,,,,,,,MALE,,,,,,,,,,,True,HISPANIC,,,,,,,,,,
140,33.0,,,,,,,,,,,,,FEMALE,,,,,,,,,,,True,WHITE,,,,,,,,,,
141,37.0,,,45.0,,,,,,,,,,MALE,,,MALE,,,,,,,,True,HISPANIC,,,HISPANIC,,,,,,,
142,52.0,,,,,,,,,,,,,MALE,,,,,,,,,,,True,WHITE,,,,,,,,,,
143,28.0,,,,,,,,,,,,,MALE,,,,,,,,,,,True,HISPANIC,,,,,,,,,,
144,45.0,,,,,,,,,,,,,MALE,,,,,,,,,,,True,HISPANIC,,,,,,,,,,
145,26.0,,,31.0,34.0,,,,,,,,,MALE,,,MALE,MALE,,,,,,,True,WHITE,,,WHITE,WHITE,,,,,,
146,53.0,,,,,,,,,,,,,MALE,,,,,,,,,,,False,BLACK,,,,,,,,,,
147,25.0,,,,,,,,,,,,,MALE,,,,,,,,,,,True,WHITE,,,,,,,,,,
148,53.0,,,,,,,,,,,,,MALE,,,,,,,,,,,True,WHITE,,,,,,,,,,
149,39.0,,,44.0,,,,,,,,,,MALE,,,MALE,,,,,,,,True,WHITE,,,WHITE,,,,,,,
150,42.0,,,,,,,,,,,,,MALE,,,,,,,,,,,True,WHITE,,,,,,,,,,
151,38.0,,,25.0,,,,,,,,,,FEMALE,,,MALE,,,,,,,,True,WHITE,,,HISPANIC,,,,,,,
152,36.0,,,28.0,,,,,,,,,,MALE,,,MALE,,,,,,,,True,BLACK,,,WHITE,,,,,,,
153,32.0,,,,,,,,,,,,,MALE,,,,,,,,,,,True,WHITE,,,,,,,,,,
154,35.0,,,41.0,37.0,28.0,,,,,,,,MALE,,,MALE,MALE,MALE,,,,,,True,WHITE,,,WHITE,WHITE,WHITE,,,,,
155,24.0,,,,,,,,,,,,,MALE,,,,,,,,,,,True,HISPANIC,,,,,,,,,,
156,26.0,,,25.0,,,,,,,,,,MALE,,,MALE,,,,,,,,True,HISPANIC,,,WHITE,,,,,,,
157,63.0,46.0,,44.0,43.0,37.0,27.0,31.0,34.0,39.0,41.0,,,MALE,MALE,,MALE,MALE,MALE,MALE,MALE,MALE,MALE,MALE,True,WHITE,WHITE,,WHITE,WHITE,BLACK,WHITE,HISPANIC,OTHER,WHITE,WHITE
158,38.0,,,43.0,,,,,,,,,,MALE,,,MALE,,,,,,,,True,HISPANIC,,,HISPANIC,,,,,,,
159,46.0,,,31.0,,,,,,,,,,MALE,,,MALE,,,,,,,,True,WHITE,,,WHITE,,,,,,,
160,25.0,,,,,,,,,,,,,MALE,,,,,,,,,,,True,WHITE,,,,,,,,,,
161,47.0,,,,,,,,,,,,,MALE,,,,,,,,,,,True,HISPANIC,,,,,,,,,,
162,26.0,,,,,,,,,,,EXECUTION OF A WARRANT,,MALE,,,,,,,,,,,True,HISPANIC,,,,,,,,,,
163,29.0,,,31.0,,,,,,,,,,MALE,,,MALE,,,,,,,,True,WHITE,,,WHITE,,,,,,,
164,44.0,,,,,,,,,,,,,MALE,,,,,,,,,,,True,BLACK,,,,,,,,,,
165,28.0,,,,,,,,,,,,,MALE,,,,,,,,,,,True,HISPANIC,,,,,,,,,,
166,38.0,,,40.0,27.0,47.0,28.0,,,,,EXECUTION OF A WARRANT,"HOSTAGE, BARRICADE, OR OTHER EMERGENCY SITUATION",MALE,,,MALE,MALE,MALE,MALE,,,,,True,WHITE,,,WHITE,HISPANIC,BLACK,WHITE,,,,
167,27.0,,,,,,,,,,,,,MALE,,,,,,,,,,,True,BLACK,,,,,,,,,,
168,30.0,,,,,,,,,,,,,MALE,,,,,,,,,,,False,BLACK,,,,,,,,,,
169,39.0,,,,,,,,,,,,,FEMALE,,,,,,,,,,,True,BLACK,,,,,,,,,,
170,34.0,,,,,,,,,,,,,MALE,,,,,,,,,,,True,WHITE,,,,,,,,,,
171,43.0,,,,,,,,,,,EMERGENCY CALL OR REQUEST FOR ASSISTANCE,OTHER - PURSUIT,MALE,,,,,,,,,,,True,WHITE,,,,,,,,,,
172,43.0,,,,,,,,,,,,,MALE,,,,,,,,,,,True,WHITE,,,,,,,,,,
173,23.0,,,,,,,,,,,,,MALE,,,,,,,,,,,True,WHITE,,,,,,,,,,
174,42.0,,,,,,,,,,,,,MALE,,,,,,,,,,,True,WHITE,,,,,,,,,,
175,31.0,,,,,,,,,,,,,MALE,,,,,,,,,,,True,WHITE,,,,,,,,,,
176,40.0,,,27.0,44.0,43.0,,,,,,,,MALE,,,MALE,MALE,MALE,,,,,,True,WHITE,,,WHITE,HISPANIC,HISPANIC,,,,,
177,45.0,,,,,,,,,,,TRAFFIC STOP,,MALE,,,,,,,,,,,True,WHITE,,,,,,,,,,
178,33.0,,,56.0,,,,,,,,,,MALE,,,MALE,,,,,,,,True,WHITE,,,WHITE,,,,,,,
179,53.0,,,43.0,,,,,,,,,,MALE,,,MALE,,,,,,,,True,BLACK,,,HISPANIC,,,,,,,
180,53.0,,,43.0,,,,,,,,,,MALE,,,MALE,,,,,,,,True,BLACK,,,HISPANIC,,,,,,,
181,53.0,,,43.0,,,,,,,,,,MALE,,,MALE,,,,,,,,True,BLACK,,,HISPANIC,,,,,,,
182,42.0,,,,,,,,,,,,,MALE,,,,,,,,,,,True,WHITE,,,,,,,,,,
183,27.0,,,55.0,,,,,,,,,,MALE,,,MALE,,,,,,,,True,WHITE,,,HISPANIC,,,,,,,
184,33.0,,,,,,,,,,,,,MALE,,,,,,,,,,,True,HISPANIC,,,,,,,,,,
185,29.0,,,,,,,,,,,,,MALE,,,,,,,,,,,True,WHITE,,,,,,,,,,
186,36.0,,,35.0,,,,,,,,,,MALE,,,MALE,,,,,,,,True,WHITE,,,WHITE,,,,,,,
187,24.0,,,,,,,,,,,,,MALE,,,,,,,,,,,True,BLACK,,,,,,,,,,
188,28.0,,,,,,,,,,,,,MALE,,,,,,,,,,,True,HISPANIC,,,,,,,,,,
189,43.0,,,,,,,,,,,,,MALE,,,,,,,,,,,True,WHITE,,,,,,,,,,
190,56.0,,,46.0,,,,,,,,,,MALE,,,MALE,,,,,,,,True,WHITE,,,WHITE,,,,,,,
191,44.0,,,,,,,,,,,,,MALE,,,,,,,,,,,True,WHITE,,,,,,,,,,
192,35.0,,,,,,,,,,,,,MALE,,,,,,,,,,,True,WHITE,,,,,,,,,,
193,26.0,,,,,,,,,,,,,MALE,,,,,,,,,,,True,HISPANIC,,,,,,,,,,
194,38.0,,,54.0,,,,,,,,,,MALE,,,MALE,,,,,,,,True,WHITE,,,WHITE,,,,,,,
195,25.0,,,,,,,,,,,,,MALE,,,,,,,,,,,True,WHITE,,,,,,,,,,
196,26.0,,,31.0,,,,,,,,,,MALE,,,MALE,,,,,,,,True,WHITE,,,HISPANIC,,,,,,,
197,45.0,,,,,,,,,,,,,MALE,,,,,,,,,,,True,WHITE,,,,,,,,,,
198,48.0,,,,,,,,,,,,,MALE,,,,,,,,,,,True,WHITE,,,,,,,,,,
199,31.0,,,,,,,,,,,,,MALE,,,,,,,,,,,False,WHITE,,,,,,,,,,
200,50.0,,,,,,,,,,,,,MALE,,,,,,,,,,,True,WHITE,,,,,,,,,,
201,26.0,,,,,,,,,,,,,MALE,,,,,,,,,,,False,WHITE,,,,,,,,,,
202,33.0,,,33.0,,,,,,,,,,MALE,,,FEMALE,,,,,,,,True,WHITE,,,WHITE,,,,,,,
203,35.0,,,,,,,,,,,,,MALE,,,,,,,,,,,True,HISPANIC,,,,,,,,,,
204,30.0,,,,,,,,,,,,,MALE,,,,,,,,,,,True,BLACK,,,,,,,,,,
205,34.0,,,,,,,,,,,,,MALE,,,,,,,,,,,True,WHITE,,,,,,,,,,
206,45.0,,,,,,,,,,,,,MALE,,,,,,,,,,,True,WHITE,,,,,,,,,,
207,38.0,,,,,,,,,,,,,MALE,,,,,,,,,,,True,HISPANIC,,,,,,,,,,
208,28.0,,,,,,,,,,,,,MALE,,,,,,,,,,,True,WHITE,,,,,,,,,,
209,32.0,,,,,,,,,,,,,MALE,,,,,,,,,,,True,WHITE,,,,,,,,,,
210,34.0,,,,,,,,,,,,,MALE,,,,,,,,,,,True,WHITE,,,,,,,,,,
211,38.0,,,38.0,,,,,,,,,,MALE,,,MALE,,,,,,,,True,WHITE,,,WHITE,,,,,,,
212,28.0,,,,,,,,,,,,,MALE,,,,,,,,,,,True,HISPANIC,,,,,,,,,,
213,38.0,,,,,,,,,,,,,MALE,,,,,,,,,,,True,WHITE,,,,,,,,,,
214,40.0,,,,,,,,,,,,,FEMALE,,,,,,,,,,,True,WHITE,,,,,,,,,,
215,43.0,,,,,,,,,,,,,MALE,,,,,,,,,,,True,WHITE,,,,,,,,,,
216,43.0,,,,,,,,,,,,,MALE,,,,,,,,,,,True,HISPANIC,,,,,,,,,,
217,28.0,,,,,,,,,,,,,MALE,,,,,,,,,,,True,WHITE,,,,,,,,,,
218,41.0,,,41.0,41.0,,,,,,,,,MALE,,,MALE,MALE,,,,,,,True,HISPANIC,,,HISPANIC,HISPANIC,,,,,,
219,37.0,,,,,,,,,,,,,MALE,,,,,,,,,,,True,WHITE,,,,,,,,,,
220,35.0,,,46.0,,,,,,,,,,MALE,,,MALE,,,,,,,,True,WHITE,,,WHITE,,,,,,,
221,45.0,,,,,,,,,,,,,MALE,,,,,,,,,,,True,HISPANIC,,,,,,,,,,
222,35.0,,,,,,,,,,,,,MALE,,,,,,,,,,,True,WHITE,,,,,,,,,,
223,36.0,,,32.0,49.0,45.0,,,,,,TRAFFIC STOP,,MALE,,,MALE,MALE,MALE,,,,,,True,WHITE,,,WHITE,BLACK,WHITE,,,,,
224,40.0,,,,,,,,,,,,,MALE,,,,,,,,,,,False,HISPANIC,,,,,,,,,,
225,37.0,,,,,,,,,,,,,MALE,,,,,,,,,,,True,HISPANIC,,,,,,,,,,
226,31.0,,,,,,,,,,,,,MALE,,,,,,,,,,,True,WHITE,,,,,,,,,,
227,33.0,,,,,,,,,,,,,MALE,,,,,,,,,,,True,WHITE,,,,,,,,,,
228,29.0,,,28.0,,,,,,,,,,MALE,,,MALE,,,,,,,,True,BLACK,,,HISPANIC,,,,,,,
229,26.0,,,51.0,,,,,,,,,,MALE,,,MALE,,,,,,,,True,WHITE,,,WHITE,,,,,,,
230,46.0,,,,,,,,,,,,,MALE,,,,,,,,,,,True,WHITE,,,,,,,,,,
231,43.0,,,,,,,,,,,,,MALE,,,,,,,,,,,True,HISPANIC,,,,,,,,,,
232,32.0,,,54.0,,,,,,,,"HOSTAGE, BARRICADE, OR OTHER EMERGENCY SITUATION",,MALE,,,MALE,,,,,,,,True,WHITE,,,WHITE,,,,,,,
233,47.0,,,,,,,,,,,,,MALE,,,,,,,,,,,True,OTHER,,,,,,,,,,
234,33.0,,,,,,,,,,,"HOSTAGE, BARRICADE, OR OTHER EMERGENCY SITUATION",,MALE,,,,,,,,,,,True,HISPANIC,,,,,,,,,,
235,24.0,,,,,,,,,,,"HOSTAGE, BARRICADE, OR OTHER EMERGENCY SITUATION",,MALE,,,,,,,,,,,True,HISPANIC,,,,,,,,,,
236,23.0,,,27.0,,,,,,,,,,MALE,,,MALE,,,,,,,,True,HISPANIC,,,HISPANIC,,,,,,,
237,32.0,,,44.0,46.0,43.0,51.0,,,,,,,MALE,,,MALE,MALE,MALE,MALE,,,,,True,WHITE,,,WHITE,HISPANIC,WHITE,WHITE,,,,
238,36.0,,,29.0,,,,,,,,,,MALE,,,MALE,,,,,,,,True,WHITE,,,HISPANIC,,,,,,,
239,21.0,,,30.0,28.0,,,,,,,MALE SUBJECT WITH GUN IN HIS PANTS AT THE AT&T STORE,,MALE,,,MALE,FEMALE,,,,,,,True,WHITE,,,WHITE,WHITE,,,,,,
240,32.0,,,,,,,,,,,,,MALE,,,,,,,,,,,True,WHITE,,,,,,,,,,
241,37.0,,,,,,,,,,,,,MALE,,,,,,,,,,,True,WHITE,,,,,,,,,,
242,35.0,,,24.0,,,,,,,,,,MALE,,,MALE,,,,,,,,True,WHITE,,,WHITE,,,,,,,
243,35.0,,,24.0,,,,,,,,,,MALE,,,MALE,,,,,,,,True,WHITE,,,WHITE,,,,,,,
244,32.0,,,,,,,,,,,,,MALE,,,,,,,,,,,True,HISPANIC,,,,,,,,,,
245,29.0,,,27.0,,,,,,,,,,MALE,,,MALE,,,,,,,,False,WHITE,,,HISPANIC,,,,,,,
246,35.0,,,39.0,,,,,,,,,,MALE,,,MALE,,,,,,,,True,WHITE,,,HISPANIC,,,,,,,
247,23.0,,,,,,,,,,,,,MALE,,,,,,,,,,,True,HISPANIC,,,,,,,,,,
248,28.0,,,,,,,,,,,,,MALE,,,,,,,,,,,True,WHITE,,,,,,,,,,
249,31.0,,,,,,,,,,,,,MALE,,,,,,,,,,,True,WHITE,,,,,,,,,,
250,50.0,,,,,,,,,,,,,MALE,,,,,,,,,,,True,WHITE,,,,,,,,,,
251,48.0,,,,,,,,,,,,,MALE,,,,,,,,,,,True,WHITE,,,,,,,,,,
252,31.0,,,39.0,,,,,,,,,,MALE,,,MALE,,,,,,,,True,WHITE,,,WHITE,,,,,,,
253,52.0,,,40.0,,,,,,,,,,MALE,,,MALE,,,,,,,,True,WHITE,,,HISPANIC,,,,,,,
254,36.0,,,,,,,,,,,,,MALE,,,,,,,,,,,True,WHITE,,,,,,,,,,
255,25.0,,,27.0,27.0,,,,,,,,,MALE,,,MALE,MALE,,,,,,,True,WHITE,,,HISPANIC,HISPANIC,,,,,,
256,35.0,,,,,,,,,,,,,MALE,,,,,,,,,,,True,WHITE,,,,,,,,,,
257,39.0,,,25.0,,,,,,,,,,MALE,,,MALE,,,,,,,,True,WHITE,,,WHITE,,,,,,,
258,29.0,,,,,,,,,,,,,MALE,,,,,,,,,,,True,HISPANIC,,,,,,,,,,
259,30.0,,,,,,,,,,,,,MALE,,,,,,,,,,,True,WHITE,,,,,,,,,,
260,28.0,,,31.0,,,,,,,,,,MALE,,,MALE,,,,,,,,True,HISPANIC,,,WHITE,,,,,,,
261,34.0,,,32.0,37.0,,,,,,,,,MALE,,,MALE,MALE,,,,,,,True,WHITE,,,WHITE,WHITE,,,,,,
262,42.0,,,,,,,,,,,,,MALE,,,,,,,,,,,True,WHITE,,,,,,,,,,
263,27.0,,,,,,,,,,,,,MALE,,,,,,,,,,,True,WHITE,,,,,,,,,,
264,28.0,,,,,,,,,,,,,MALE,,,,,,,,,,,True,WHITE,,,,,,,,,,
265,47.0,,,,,,,,,,,,,MALE,,,,,,,,,,,True,WHITE,,,,,,,,,,
266,47.0,,,,,,,,,,,,,MALE,,,,,,,,,,,False,BLACK,,,,,,,,,,
267,40.0,,,,,,,,,,,,,MALE,,,,,,,,,,,True,WHITE,,,,,,,,,,
268,31.0,,,27.0,,,,,,,,,,MALE,,,MALE,,,,,,,,True,WHITE,,,WHITE,,,,,,,
269,31.0,,,37.0,,,,,,,,,,MALE,,,MALE,,,,,,,,True,WHITE,,,WHITE,,,,,,,
270,30.0,,,,,,,,,,,,,MALE,,,,,,,,,,,True,WHITE,,,,,,,,,,
271,29.0,,,32.0,27.0,26.0,27.0,36.0,29.0,35.0,,,,MALE,,,MALE,MALE,MALE,MALE,FEMALE,MALE,MALE,,True,WHITE,,,WHITE,WHITE,WHITE,WHITE,WHITE,WHITE,BLACK,
272,34.0,,,46.0,,,,,,,,,,MALE,,,MALE,,,,,,,,True,HISPANIC,,,HISPANIC,,,,,,,
273,28.0,,,,,,,,,,,,,MALE,,,,,,,,,,,True,WHITE,,,,,,,,,,
274,35.0,,,,,,,,,,,,,MALE,,,,,,,,,,,True,WHITE,,,,,,,,,,
275,28.0,,,,,,,,,,,,,MALE,,,,,,,,,,,True,BLACK,,,,,,,,,,
276,26.0,,,,,,,,,,,,,MALE,,,,,,,,,,,False,WHITE,,,,,,,,,,
277,25.0,,,39.0,33.0,33.0,,,,,,,,MALE,,,MALE,MALE,MALE,,,,,,True,WHITE,,,WHITE,WHITE,BLACK,,,,,
278,36.0,,,,,,,,,,,,,MALE,,,,,,,,,,,False,HISPANIC,,,,,,,,,,
279,27.0,,,,,,,,,,,,,MALE,,,,,,,,,,,True,WHITE,,,,,,,,,,
280,28.0,,,,,,,,,,,,,MALE,,,,,,,,,,,True,WHITE,,,,,,,,,,
281,35.0,,,,,,,,,,,,,MALE,,,,,,,,,,,True,BLACK,,,,,,,,,,
282,34.0,,,31.0,,,,,,,,,,MALE,,,MALE,,,,,,,,True,WHITE,,,HISPANIC,,,,,,,
283,43.0,,,,,,,,,,,,,MALE,,,,,,,,,,,True,WHITE,,,,,,,,,,
284,30.0,,,,,,,,,,,,,MALE,,,,,,,,,,,True,WHITE,,,,,,,,,,
285,41.0,,,,,,,,,,,,,MALE,,,,,,,,,,,True,HISPANIC,,,,,,,,,,
286,44.0,,,,,,,,,,,,VEHICLE PURSUIT WITH STOLEN VEHICLE,MALE,,,,,,,,,,,True,WHITE,,,,,,,,,,
287,35.0,,,,,,,,,,,,,MALE,,,,,,,,,,,True,WHITE,,,,,,,,,,
288,26.0,,,27.0,30.0,26.0,,,,,,,,MALE,,,MALE,MALE,MALE,,,,,,True,HISPANIC,,,WHITE,BLACK,BLACK,,,,,
289,45.0,,,,,,,,,,,,,MALE,,,,,,,,,,,True,WHITE,,,,,,,,,,
290,30.0,,,29.0,30.0,32.0,,,,,,,,MALE,,,MALE,MALE,MALE,,,,,,True,BLACK,,,WHITE,WHITE,WHITE,,,,,
291,31.0,,,,,,,,,,,,,MALE,,,,,,,,,,,True,HISPANIC,,,,,,,,,,
292,42.0,,,,,,,,,,,,,MALE,,,,,,,,,,,True,WHITE,,,,,,,,,,
293,31.0,,,,,,,,,,,,,MALE,,,,,,,,,,,True,WHITE,,,,,,,,,,
294,36.0,,,26.0,38.0,50.0,36.0,27.0,,,,,VEHICLE PURSUIT OF ARMED ROBBERY SUSPECT WHICH RESULTED IN TRAFFIC CRASH AND BARRICADED SUSPECT INSIDE HIS VEHICLE,MALE,,,MALE,MALE,MALE,FEMALE,MALE,,,,True,WHITE,,,WHITE,WHITE,WHITE,HISPANIC,WHITE,,,
295,34.0,,,,,,,,,,,,,MALE,,,,,,,,,,,True,WHITE,,,,,,,,,,
296,30.0,,,,,,,,,,,,,MALE,,,,,,,,,,,True,HISPANIC,,,,,,,,,,
297,23.0,,,,,,,,,,,,,MALE,,,,,,,,,,,True,WHITE,,,,,,,,,,
298,32.0,,,,,,,,,,,,,MALE,,,,,,,,,,,True,BLACK,,,,,,,,,,
299,32.0,,,,,,,,,,,,,MALE,,,,,,,,,,,True,HISPANIC,,,,,,,,,,
300,41.0,,,,,,,,,,,,,MALE,,,,,,,,,,,True,WHITE,,,,,,,,,,
301,40.0,,,27.0,24.0,,,,,,,,,MALE,,,MALE,MALE,,,,,,,True,WHITE,,,WHITE,WHITE,,,,,,
302,31.0,,,49.0,57.0,35.0,,,,,,,,MALE,,,MALE,MALE,MALE,,,,,,True,WHITE,,,WHITE,WHITE,HISPANIC,,,,,
303,57.0,,,49.0,31.0,35.0,29.0,49.0,,,,,,MALE,,,MALE,MALE,MALE,MALE,MALE,,,,True,WHITE,,,WHITE,WHITE,HISPANIC,WHITE,WHITE,,,
304,49.0,,,57.0,31.0,35.0,,,,,,,,MALE,,,MALE,MALE,MALE,,,,,,True,WHITE,,,WHITE,WHITE,BLACK,,,,,
305,30.0,,,27.0,,,,,,,,,,MALE,,,MALE,,,,,,,,True,WHITE,,,WHITE,,,,,,,
306,34.0,,,,,,,,,,,,,MALE,,,,,,,,,,,True,HISPANIC,,,,,,,,,,
307,23.0,,,32.0,,,,,,,,,,MALE,,,MALE,,,,,,,,True,HISPANIC,,,HISPANIC,,,,,,,
308,37.0,,,,,,,,,,,,,MALE,,,,,,,,,,,True,WHITE,,,,,,,,,,
309,25.0,,,,,,,,,,,,,MALE,,,,,,,,,,,True,WHITE,,,,,,,,,,
310,56.0,,,,,,,,,,,,,MALE,,,,,,,,,,,True,WHITE,,,,,,,,,,
311,42.0,,,,,,,,,,,,,MALE,,,,,,,,,,,True,HISPANIC,,,,,,,,,,
312,37.0,,,,,,,,,,,,,MALE,,,,,,,,,,,True,WHITE,,,,,,,,,,
313,42.0,,,,,,,,,,,,,MALE,,,,,,,,,,,True,WHITE,,,,,,,,,,
314,27.0,,,,,,,,,,,,,MALE,,,,,,,,,,,True,WHITE,,,,,,,,,,
315,50.0,,,,,,,,,,,,,MALE,,,,,,,,,,,True,WHITE,,,,,,,,,,
316,46.0,,,31.0,,,,,,,,,,MALE,,,MALE,,,,,,,,True,WHITE,,,WHITE,,,,,,,
317,36.0,,,,,,,,,,,,,MALE,,,,,,,,,,,True,WHITE,,,,,,,,,,
318,52.0,,,35.0,47.0,,,,,,,,,MALE,,,MALE,MALE,,,,,,,True,WHITE,,,WHITE,HISPANIC,,,,,,
319,34.0,,,,,,,,,,,,"WELFARE CONCERN, THREAT OF SUICIDE AND EVEN EXPRESSED DESIRE OF SUICIDE BY COP. INVESTIGATE BY TEXAS RANGERS",MALE,,,,,,,,,,,True,WHITE,,,,,,,,,,
320,29.0,,,,,,,,,,,,,FEMALE,,,,,,,,,,,True,WHITE,,,,,,,,,,
321,36.0,,,34.0,,,,,,,,,,MALE,,,MALE,,,,,,,,False,WHITE,,,WHITE,,,,,,,
322,35.0,,,36.0,,,,,,,,,,MALE,,,MALE,,,,,,,,True,BLACK,,,BLACK,,,,,,,
323,48.0,,,,,,,,,,,,,MALE,,,,,,,,,,,True,HISPANIC,,,,,,,,,,
324,50.0,,,53.0,,,,,,,,TRAFFIC STOP,LOCATED MURDER SUSPECT SHOOTING AT OFFICERS,MALE,,,MALE,,,,,,,,True,HISPANIC,,,HISPANIC,,,,,,,
325,34.0,,,,,,,,,,,,,MALE,,,,,,,,,,,False,HISPANIC,,,,,,,,,,
326,36.0,,,38.0,,,,,,,,,,MALE,,,MALE,,,,,,,,True,WHITE,,,WHITE,,,,,,,
327,33.0,,,52.0,,,,,,,,,,MALE,,,MALE,,,,,,,,True,WHITE,,,HISPANIC,,,,,,,
328,33.0,,,49.0,49.0,,,,,,,,,MALE,,,MALE,MALE,,,,,,,True,HISPANIC,,,WHITE,HISPANIC,,,,,,
329,32.0,,,,,,,,,,,,,MALE,,,,,,,,,,,True,WHITE,,,,,,,,,,
330,38.0,,,,,,,,,,,,,FEMALE,,,,,,,,,,,True,WHITE,,,,,,,,,,
331,24.0,,,,,,,,,,,,,FEMALE,,,,,,,,,,,True,WHITE,,,,,,,,,,
332,28.0,,,,,,,,,,,,,MALE,,,,,,,,,,,True,WHITE,,,,,,,,,,
333,33.0,,,,,,,,,,,,,MALE,,,,,,,,,,,True,HISPANIC,,,,,,,,,,
334,35.0,,,,,,,,,,,,,MALE,,,,,,,,,,,True,HISPANIC,,,,,,,,,,
335,27.0,,,,,,,,,,,,,MALE,,,,,,,,,,,True,HISPANIC,,,,,,,,,,
336,45.0,,,,,,,,,,,,,MALE,,,,,,,,,,,True,WHITE,,,,,,,,,,
337,30.0,,,,,,,,,,,"HOSTAGE, BARRICADE, OR OTHER EMERGENCY SITUATION",,MALE,,,,,,,,,,,True,HISPANIC,,,,,,,,,,
338,28.0,,,30.0,,,,,,,,,,MALE,,,MALE,,,,,,,,True,HISPANIC,,,HISPANIC,,,,,,,
339,29.0,,,,,,,,,,,,,MALE,,,,,,,,,,,True,HISPANIC,,,,,,,,,,
340,41.0,,,,,,,,,,,,,MALE,,,,,,,,,,,True,WHITE,,,,,,,,,,
341,44.0,,,33.0,35.0,,,,,,,,,MALE,,,MALE,MALE,,,,,,,True,WHITE,,,WHITE,WHITE,,,,,,
342,31.0,,,,,,,,,,,,,MALE,,,,,,,,,,,False,WHITE,,,,,,,,,,
343,24.0,,,24.0,,,,,,,,,,MALE,,,MALE,,,,,,,,True,HISPANIC,,,HISPANIC,,,,,,,
344,30.0,,,,,,,,,,,,,MALE,,,,,,,,,,,True,WHITE,,,,,,,,,,
345,30.0,,,39.0,24.0,,,,,,,,,MALE,,,MALE,MALE,,,,,,,True,HISPANIC,,,WHITE,HISPANIC,,,,,,
346,46.0,,,,,,,,,,,,,MALE,,,,,,,,,,,True,WHITE,,,,,,,,,,
347,32.0,,,,,,,,,,,,,MALE,,,,,,,,,,,True,HISPANIC,,,,,,,,,,
348,53.0,,,27.0,,,,,,,,,,MALE,,,MALE,,,,,,,,True,WHITE,,,WHITE,,,,,,,
349,30.0,,,24.0,,,,,,,,,,MALE,,,MALE,,,,,,,,True,WHITE,,,WHITE,,,,,,,
350,23.0,,,,,,,,,,,,,MALE,,,,,,,,,,,True,WHITE,,,,,,,,,,
351,47.0,,,,,,,,,,,,,MALE,,,,,,,,,,,True,WHITE,,,,,,,,,,
352,34.0,,,,,,,,,,,,,MALE,,,,,,,,,,,True,BLACK,,,,,,,,,,
353,25.0,,,,,,,,,,,,,MALE,,,,,,,,,,,True,WHITE,,,,,,,,,,
354,25.0,,,25.0,29.0,29.0,34.0,49.0,29.0,,,,,MALE,,,MALE,MALE,MALE,MALE,MALE,MALE,,,True,WHITE,,,HISPANIC,WHITE,WHITE,HISPANIC,WHITE,HISPANIC,,
355,25.0,,,25.0,29.0,29.0,29.0,34.0,49.0,,,,,MALE,,,MALE,MALE,MALE,MALE,MALE,MALE,,,True,WHITE,,,HISPANIC,WHITE,HISPANIC,HISPANIC,HISPANIC,WHITE,,
356,25.0,,,25.0,29.0,29.0,29.0,49.0,34.0,,,,,MALE,,,MALE,MALE,MALE,MALE,MALE,MALE,,,True,WHITE,,,HISPANIC,WHITE,HISPANIC,HISPANIC,WHITE,HISPANIC,,
357,31.0,,,39.0,46.0,,,,,,,,,MALE,,,MALE,MALE,,,,,,,True,WHITE,,,HISPANIC,WHITE,,,,,,
358,32.0,,,,,,,,,,,,,MALE,,,,,,,,,,,True,WHITE,,,,,,,,,,
359,33.0,,,33.0,32.0,,,,,,,,,MALE,,,MALE,MALE,,,,,,,True,WHITE,,,WHITE,WHITE,,,,,,
360,46.0,,,46.0,37.0,,,,,,,,,MALE,,,MALE,MALE,,,,,,,True,WHITE,,,WHITE,HISPANIC,,,,,,
361,50.0,,,,,,,,,,,,,MALE,,,,,,,,,,,True,WHITE,,,,,,,,,,
362,27.0,,,,,,,,,,,,,MALE,,,,,,,,,,,True,HISPANIC,,,,,,,,,,
363,50.0,,,45.0,,,,,,,,,,MALE,,,MALE,,,,,,,,True,HISPANIC,,,HISPANIC,,,,,,,
364,39.0,,,,,,,,,,,,,MALE,,,,,,,,,,,True,WHITE,,,,,,,,,,
365,26.0,,,,,,,,,,,TRAFFIC STOP,,MALE,,,,,,,,,,,True,WHITE,,,,,,,,,,
366,32.0,,,,,,,,,,,,,MALE,,,,,,,,,,,True,HISPANIC,,,,,,,,,,
367,30.0,,,27.0,30.0,,,,,,,TRAFFIC STOP,,MALE,,,MALE,MALE,,,,,,,True,WHITE,,,HISPANIC,WHITE,,,,,,
368,28.0,,,,,,,,,,,TRAFFIC STOP,,MALE,,,,,,,,,,,True,HISPANIC,,,,,,,,,,
369,37.0,,,,,,,,,,,,,MALE,,,,,,,,,,,True,HISPANIC,,,,,,,,,,
370,24.0,,,23.0,35.0,34.0,,,,,,,,MALE,,,MALE,MALE,MALE,,,,,,True,WHITE,,,HISPANIC,WHITE,HISPANIC,,,,,
371,42.0,,,,,,,,,,,,,MALE,,,,,,,,,,,True,HISPANIC,,,,,,,,,,
372,51.0,,,,,,,,,,,,,MALE,,,,,,,,,,,True,WHITE,,,,,,,,,,
373,30.0,,,,,,,,,,,,,MALE,,,,,,,,,,,True,HISPANIC,,,,,,,,,,
374,26.0,,,,,,,,,,,,,MALE,,,,,,,,,,,True,HISPANIC,,,,,,,,,,
375,32.0,,,39.0,34.0,27.0,44.0,,,,,,,MALE,,,MALE,MALE,MALE,MALE,,,,,True,WHITE,,,WHITE,WHITE,WHITE,WHITE,,,,
376,56.0,,,,,,,,,,,,,MALE,,,,,,,,,,,True,WHITE,,,,,,,,,,
377,43.0,,,28.0,,,,,,,,,,MALE,,,FEMALE,,,,,,,,True,HISPANIC,,,HISPANIC,,,,,,,
378,35.0,,,,,,,,,,,,,MALE,,,,,,,,,,,True,BLACK,,,,,,,,,,
379,29.0,,,23.0,56.0,,,,,,,,,MALE,,,MALE,MALE,,,,,,,True,BLACK,,,WHITE,WHITE,,,,,,
380,34.0,,,,,,,,,,,,,MALE,,,,,,,,,,,True,HISPANIC,,,,,,,,,,
381,41.0,,,45.0,,,,,,,,"HOSTAGE, BARRICADE, OR OTHER EMERGENCY SITUATION",,MALE,,,MALE,,,,,,,,True,WHITE,,,WHITE,,,,,,,
382,30.0,,,,,,,,,,,,,MALE,,,,,,,,,,,True,HISPANIC,,,,,,,,,,
383,38.0,,,31.0,,,,,,,,TRAFFIC STOP,OTHER,MALE,,,MALE,,,,,,,,True,WHITE,,,WHITE,,,,,,,
384,28.0,,,,,,,,,,,,,MALE,,,,,,,,,,,True,WHITE,,,,,,,,,,
385,30.0,,,,,,,,,,,,,MALE,,,,,,,,,,,True,WHITE,,,,,,,,,,
386,23.0,,,,,,,,,,,,,MALE,,,,,,,,,,,False,WHITE,,,,,,,,,,
387,38.0,,,,,,,,,,,,,MALE,,,,,,,,,,,True,WHITE,,,,,,,,,,
388,38.0,,,40.0,,,,,,,,"HOSTAGE, BARRICADE, OR OTHER EMERGENCY SITUATION",,MALE,,,MALE,,,,,,,,True,WHITE,,,WHITE,,,,,,,
389,48.0,,,,,,,,,,,,,MALE,,,,,,,,,,,False,WHITE,,,,,,,,,,
390,29.0,,,,,,,,,,,,,MALE,,,,,,,,,,,True,HISPANIC,,,,,,,,,,
391,29.0,,,,,,,,,,,,,MALE,,,,,,,,,,,True,HISPANIC,,,,,,,,,,
392,58.0,,,,,,,,,,,,,MALE,,,,,,,,,,,True,WHITE,,,,,,,,,,
393,30.0,,,,,,,,,,,,,MALE,,,,,,,,,,,True,WHITE,,,,,,,,,,
394,45.0,,,,,,,,,,,,,MALE,,,,,,,,,,,True,HISPANIC,,,,,,,,,,
395,51.0,,,,,,,,,,,,,MALE,,,,,,,,,,,True,HISPANIC,,,,,,,,,,
396,29.0,,,27.0,39.0,,,,,,,,,MALE,,,MALE,MALE,,,,,,,True,WHITE,,,WHITE,WHITE,,,,,,
397,41.0,,,,,,,,,,,,,MALE,,,,,,,,,,,True,HISPANIC,,,,,,,,,,
398,49.0,,,35.0,,,,,,,,,,MALE,,,MALE,,,,,,,,True,WHITE,,,WHITE,,,,,,,
399,27.0,,,38.0,30.0,25.0,25.0,,,,,,,MALE,,,FEMALE,MALE,MALE,MALE,,,,,True,WHITE,,,WHITE,HISPANIC,WHITE,HISPANIC,,,,
400,38.0,,,54.0,32.0,23.0,,,,,,,,MALE,,,MALE,MALE,MALE,,,,,,True,HISPANIC,,,HISPANIC,HISPANIC,HISPANIC,,,,,
401,32.0,,,38.0,23.0,54.0,,,,,,,,MALE,,,MALE,MALE,MALE,,,,,,True,HISPANIC,,,HISPANIC,HISPANIC,HISPANIC,,,,,
402,46.0,,,,,,,,,,,,,MALE,,,,,,,,,,,True,HISPANIC,,,,,,,,,,
403,24.0,,,,,,,,,,,,,MALE,,,,,,,,,,,True,HISPANIC,,,,,,,,,,
404,38.0,,,,,,,,,,,,,MALE,,,,,,,,,,,True,WHITE,,,,,,,,,,
405,32.0,,,,,,,,,,,,,MALE,,,,,,,,,,,True,HISPANIC,,,,,,,,,,
406,43.0,,,,,,,,,,,,,MALE,,,,,,,,,,,True,HISPANIC,,,,,,,,,,
407,45.0,,,,,,,,,,,,,MALE,,,,,,,,,,,True,WHITE,,,,,,,,,,
408,43.0,,,,,,,,,,,,,MALE,,,,,,,,,,,True,WHITE,,,,,,,,,,
409,40.0,,,,,,,,,,,,,MALE,,,,,,,,,,,True,WHITE,,,,,,,,,,
410,32.0,,,,,,,,,,,,,MALE,,,,,,,,,,,True,WHITE,,,,,,,,,,
411,35.0,,,,,,,,,,,,,MALE,,,,,,,,,,,True,WHITE,,,,,,,,,,
412,47.0,,,,,,,,,,,,,MALE,,,,,,,,,,,False,WHITE,,,,,,,,,,
413,40.0,,,,,,,,,,,,,MALE,,,,,,,,,,,True,HISPANIC,,,,,,,,,,
414,32.0,,,,,,,,,,,,,MALE,,,,,,,,,,,True,WHITE,,,,,,,,,,
415,29.0,,,,,,,,,,,,,FEMALE,,,,,,,,,,,True,HISPANIC,,,,,,,,,,
416,42.0,,,,,,,,,,,,,MALE,,,,,,,,,,,True,WHITE,,,,,,,,,,
417,49.0,,,,,,,,,,,,,MALE,,,,,,,,,,,True,WHITE,,,,,,,,,,
418,30.0,,,,,,,,,,,,,MALE,,,,,,,,,,,True,HISPANIC,,,,,,,,,,
419,50.0,,,,,,,,,,,,,MALE,,,,,,,,,,,True,BLACK,,,,,,,,,,
420,31.0,,,,,,,,,,,,,MALE,,,,,,,,,,,True,WHITE,,,,,,,,,,
421,28.0,,,,,,,,,,,,,MALE,,,,,,,,,,,True,WHITE,,,,,,,,,,
422,37.0,,,,,,,,,,,,,MALE,,,,,,,,,,,True,WHITE,,,,,,,,,,
423,25.0,,,47.0,,,,,,,,,,FEMALE,,,MALE,,,,,,,,True,WHITE,,,WHITE,,,,,,,
424,50.0,,,52.0,34.0,,,,,,,,,MALE,,,MALE,MALE,,,,,,,True,WHITE,,,WHITE,WHITE,,,,,,
425,26.0,,,27.0,,,,,,,,,,MALE,,,MALE,,,,,,,,True,BLACK,,,HISPANIC,,,,,,,
426,40.0,,,,,,,,,,,,,FEMALE,,,,,,,,,,,True,HISPANIC,,,,,,,,,,
427,53.0,,,41.0,53.0,41.0,30.0,,,,,,,MALE,,,MALE,MALE,MALE,FEMALE,,,,,True,WHITE,,,WHITE,WHITE,WHITE,BLACK,,,,
428,30.0,,,,,,,,,,,,,MALE,,,,,,,,,,,True,WHITE,,,,,,,,,,
429,40.0,,,40.0,31.0,32.0,40.0,33.0,29.0,,,,,MALE,,,MALE,MALE,MALE,MALE,MALE,MALE,,,True,HISPANIC,,,WHITE,WHITE,BLACK,WHITE,WHITE,WHITE,,
430,30.0,,,,,,,,,,,,,MALE,,,,,,,,,,,True,WHITE,,,,,,,,,,
431,27.0,,,,,,,,,,,,,MALE,,,,,,,,,,,True,WHITE,,,,,,,,,,
432,43.0,,,45.0,43.0,,,,,,,,,MALE,,,MALE,MALE,,,,,,,True,WHITE,,,WHITE,WHITE,,,,,,
433,43.0,,,37.0,,,,,,,,,,MALE,,,MALE,,,,,,,,True,HISPANIC,,,HISPANIC,,,,,,,
434,23.0,,,,,,,,,,,,,MALE,,,,,,,,,,,True,WHITE,,,,,,,,,,
435,34.0,,,,,,,,,,,,,MALE,,,,,,,,,,,True,WHITE,,,,,,,,,,
436,44.0,,,,,,,,,,,,,MALE,,,,,,,,,,,True,WHITE,,,,,,,,,,
437,29.0,,,42.0,45.0,38.0,,,,,,,,MALE,,,MALE,MALE,MALE,,,,,,True,WHITE,,,WHITE,WHITE,WHITE,,,,,
438,45.0,,,42.0,38.0,29.0,,,,,,,,MALE,,,MALE,MALE,MALE,,,,,,True,WHITE,,,WHITE,WHITE,WHITE,,,,,
439,29.0,,,39.0,29.0,27.0,33.0,,,,,,,MALE,,,MALE,MALE,MALE,MALE,,,,,True,BLACK,,,WHITE,WHITE,WHITE,WHITE,,,,
440,32.0,,,24.0,,,,,,,,,,MALE,,,MALE,,,,,,,,True,WHITE,,,HISPANIC,,,,,,,
441,26.0,,,39.0,24.0,,,,,,,,,MALE,,,MALE,FEMALE,,,,,,,True,HISPANIC,,,HISPANIC,WHITE,,,,,,
442,30.0,,,24.0,,,,,,,,,,MALE,,,MALE,,,,,,,,True,WHITE,,,WHITE,,,,,,,
443,25.0,,,,,,,,,,,,,MALE,,,,,,,,,,,True,WHITE,,,,,,,,,,
444,25.0,,,,,,,,,,,,,MALE,,,,,,,,,,,True,WHITE,,,,,,,,,,
445,28.0,,,,,,,,,,,TRAFFIC STOP,,MALE,,,,,,,,,,,True,WHITE,,,,,,,,,,
446,25.0,,,,,,,,,,,,,MALE,,,,,,,,,,,True,WHITE,,,,,,,,,,
447,53.0,,,,,,,,,,,OTHER - SPECIFY TYPE OF CALL,,MALE,,,,,,,,,,,,WHITE,,,,,,,,,,
448,36.0,,,,,,,,,,,,,MALE,,,,,,,,,,,True,HISPANIC,,,,,,,,,,
449,44.0,,,,,,,,,,,,,MALE,,,,,,,,,,,True,BLACK,,,,,,,,,,
450,31.0,,,38.0,37.0,,,,,,,,,MALE,,,MALE,MALE,,,,,,,True,HISPANIC,,,HISPANIC,HISPANIC,,,,,,
451,35.0,,,,,,,,,,,,,MALE,,,,,,,,,,,True,WHITE,,,,,,,,,,
452,40.0,,,,,,,,,,,,,MALE,,,,,,,,,,,True,WHITE,,,,,,,,,,
453,47.0,,,,,,,,,,,,,MALE,,,,,,,,,,,True,HISPANIC,,,,,,,,,,
454,42.0,,,,,,,,,,,,,MALE,,,,,,,,,,,True,WHITE,,,,,,,,,,
455,36.0,,,,,,,,,,,,,MALE,,,,,,,,,,,True,HISPANIC,,,,,,,,,,
456,27.0,,,28.0,,,,,,,,,,MALE,,,MALE,,,,,,,,True,HISPANIC,,,HISPANIC,,,,,,,
457,31.0,,,,,,,,,,,,,MALE,,,,,,,,,,,True,WHITE,,,,,,,,,,
458,43.0,,,,,,,,,,,,,MALE,,,,,,,,,,,True,WHITE,,,,,,,,,,
459,62.0,,,,,,,,,,,,,MALE,,,,,,,,,,,False,BLACK,,,,,,,,,,
460,30.0,,,30.0,27.0,25.0,,,,,,,,MALE,,,MALE,MALE,MALE,,,,,,True,BLACK,,,WHITE,WHITE,WHITE,,,,,
461,44.0,,,,,,,,,,,,,MALE,,,,,,,,,,,True,WHITE,,,,,,,,,,
462,49.0,40.0,35.0,50.0,45.0,26.0,31.0,33.0,32.0,45.0,43.0,,,MALE,MALE,MALE,MALE,MALE,MALE,MALE,MALE,MALE,MALE,MALE,True,WHITE,WHITE,BLACK,BLACK,WHITE,WHITE,WHITE,WHITE,WHITE,WHITE,WHITE
463,42.0,,,30.0,,,,,,,,,,MALE,,,MALE,,,,,,,,True,HISPANIC,,,HISPANIC,,,,,,,
464,47.0,,,,,,,,,,,,,MALE,,,,,,,,,,,True,WHITE,,,,,,,,,,
465,35.0,,,35.0,,,,,,,,,,MALE,,,MALE,,,,,,,,True,WHITE,,,WHITE,,,,,,,
466,40.0,,,,,,,,,,,,,MALE,,,,,,,,,,,True,HISPANIC,,,,,,,,,,
467,42.0,,,,,,,,,,,,,MALE,,,,,,,,,,,True,WHITE,,,,,,,,,,
468,48.0,,,,,,,,,,,,,MALE,,,,,,,,,,,True,HISPANIC,,,,,,,,,,
469,28.0,,,,,,,,,,,,,MALE,,,,,,,,,,,True,WHITE,,,,,,,,,,
470,32.0,,,,,,,,,,,,,MALE,,,,,,,,,,,True,HISPANIC,,,,,,,,,,
471,58.0,,,,,,,,,,,,,MALE,,,,,,,,,,,True,WHITE,,,,,,,,,,
472,43.0,,,,,,,,,,,,,MALE,,,,,,,,,,,True,WHITE,,,,,,,,,,
473,37.0,,,36.0,32.0,,,,,,,EMERENCY CALL OR REQUEST FOR ASSISTANCE,,MALE,,,MALE,MALE,,,,,,,True,HISPANIC,,,HISPANIC,HISPANIC,,,,,,
474,37.0,,,36.0,31.0,31.0,35.0,30.0,,,,,,MALE,,,MALE,MALE,MALE,MALE,MALE,,,,True,WHITE,,,WHITE,WHITE,WHITE,WHITE,WHITE,,,
475,37.0,,,,,,,,,,,,,MALE,,,,,,,,,,,True,HISPANIC,,,,,,,,,,
476,23.0,,,,,,,,,,,,,MALE,,,,,,,,,,,True,HISPANIC,,,,,,,,,,
477,41.0,,,44.0,,,,,,,,TRAFFIC STOP,,MALE,,,MALE,,,,,,,,True,WHITE,,,WHITE,,,,,,,
478,44.0,,,,,,,,,,,,,MALE,,,,,,,,,,,True,BLACK,,,,,,,,,,
479,24.0,,,22.0,43.0,30.0,28.0,23.0,,,,"HOSTAGE, BARRICADE OR OTHER EMERGENCY SITUATION",OTHER - SPECIFY TYPE OF CALL,FEMALE,,,MALE,MALE,MALE,MALE,MALE,,,,True,WHITE,,,WHITE,WHITE,WHITE,WHITE,WHITE,,,
480,28.0,,,,,,,,,,,,,MALE,,,,,,,,,,,True,BLACK,,,,,,,,,,
481,35.0,,,,,,,,,,,,,MALE,,,,,,,,,,,False,HISPANIC,,,,,,,,,,
482,35.0,,,,,,,,,,,,,MALE,,,,,,,,,,,False,HISPANIC,,,,,,,,,,
483,40.0,,,27.0,,,,,,,,,,MALE,,,MALE,,,,,,,,True,WHITE,,,WHITE,,,,,,,
484,31.0,,,23.0,,,,,,,,,,MALE,,,MALE,,,,,,,,True,HISPANIC,,,WHITE,,,,,,,
485,25.0,,,,,,,,,,,,,MALE,,,,,,,,,,,True,WHITE,,,,,,,,,,
486,39.0,,,29.0,,,,,,,,,,MALE,,,MALE,,,,,,,,True,WHITE,,,WHITE,,,,,,,
487,30.0,,,28.0,,,,,,,,,,MALE,,,MALE,,,,,,,,True,WHITE,,,WHITE,,,,,,,
488,52.0,,,,,,,,,,,TRAFFIC STOP,,MALE,,,,,,,,,,,True,WHITE,,,,,,,,,,
489,26.0,,,,,,,,,,,,,MALE,,,,,,,,,,,True,WHITE,,,,,,,,,,
490,30.0,,,,,,,,,,,,,MALE,,,,,,,,,,,True,BLACK,,,,,,,,,,
491,37.0,,,42.0,37.0,42.0,,,,,,,,MALE,,,MALE,MALE,MALE,,,,,,True,WHITE,,,WHITE,WHITE,WHITE,,,,,
492,33.0,,,30.0,,,,,,,,,,MALE,,,MALE,,,,,,,,True,WHITE,,,WHITE,,,,,,,
493,45.0,,,,,,,,,,,,,MALE,,,,,,,,,,,True,HISPANIC,,,,,,,,,,
494,33.0,,,,,,,,,,,,,MALE,,,,,,,,,,,False,WHITE,,,,,,,,,,
495,52.0,,,,,,,,,,,,,MALE,,,,,,,,,,,True,WHITE,,,,,,,,,,
496,32.0,,,28.0,,,,,,,,,,MALE,,,MALE,,,,,,,,True,WHITE,,,WHITE,,,,,,,
497,32.0,,,24.0,37.0,37.0,,,,,,,,MALE,,,MALE,MALE,MALE,,,,,,True,WHITE,,,WHITE,WHITE,WHITE,,,,,
498,56.0,,,,,,,,,,,,,MALE,,,,,,,,,,,True,HISPANIC,,,,,,,,,,
499,29.0,,,,,,,,,,,,,MALE,,,,,,,,,,,True,WHITE,,,,,,,,,,
500,28.0,,,,,,,,,,,,,MALE,,,,,,,,,,,True,HISPANIC,,,,,,,,,,
501,29.0,,,,,,,,,,,,,MALE,,,,,,,,,,,True,WHITE,,,,,,,,,,
502,53.0,,,,,,,,,,,,,MALE,,,,,,,,,,,True,WHITE,,,,,,,,,,
503,53.0,,,,,,,,,,,,,MALE,,,,,,,,,,,True,WHITE,,,,,,,,,,
504,33.0,,,,,,,,,,,,,MALE,,,,,,,,,,,False,WHITE,,,,,,,,,,
505,38.0,,,,,,,,,,,,,MALE,,,,,,,,,,,True,WHITE,,,,,,,,,,
506,31.0,,,,,,,,,,,,,MALE,,,,,,,,,,,True,HISPANIC,,,,,,,,,,
507,29.0,,,,,,,,,,,,,MALE,,,,,,,,,,,True,WHITE,,,,,,,,,,
508,28.0,38.0,,28.0,31.0,26.0,30.0,30.0,32.0,32.0,27.0,,,MALE,MALE,,MALE,MALE,MALE,MALE,MALE,MALE,MALE,MALE,True,WHITE,WHITE,,BLACK,HISPANIC,HISPANIC,BLACK,WHITE,BLACK,WHITE,HISPANIC
509,34.0,,,,,,,,,,,,,MALE,,,,,,,,,,,True,WHITE,,,,,,,,,,
510,39.0,,,,,,,,,,,,,MALE,,,,,,,,,,,True,WHITE,,,,,,,,,,
511,28.0,,,,,,,,,,,,,MALE,,,,,,,,,,,True,HISPANIC,,,,,,,,,,
512,30.0,,,,,,,,,,,,,MALE,,,,,,,,,,,True,WHITE,,,,,,,,,,
513,27.0,,,,,,,,,,,,,MALE,,,,,,,,,,,True,WHITE,,,,,,,,,,
514,48.0,,,43.0,39.0,,,,,,,,,MALE,,,MALE,MALE,,,,,,,True,WHITE,,,WHITE,WHITE,,,,,,
515,40.0,,,30.0,,,,,,,,,,MALE,,,MALE,,,,,,,,True,HISPANIC,,,WHITE,,,,,,,
516,33.0,,,25.0,,,,,,,,EMERGENCY CALL OR REQUEST FOR ASSISTANCE,,MALE,,,MALE,,,,,,,,True,WHITE,,,WHITE,,,,,,,
517,48.0,,,27.0,26.0,37.0,32.0,,,,,,,MALE,,,MALE,MALE,MALE,MALE,,,,,True,WHITE,,,BLACK,HISPANIC,WHITE,WHITE,,,,
518,34.0,,,,,,,,,,,,,MALE,,,,,,,,,,,True,WHITE,,,,,,,,,,
519,36.0,,,35.0,31.0,27.0,28.0,28.0,30.0,31.0,,,,MALE,,,MALE,MALE,MALE,MALE,MALE,MALE,MALE,,True,WHITE,,,WHITE,WHITE,WHITE,WHITE,WHITE,WHITE,WHITE,
520,27.0,,,,,,,,,,,,,MALE,,,,,,,,,,,True,BLACK,,,,,,,,,,
521,34.0,,,,,,,,,,,EXECUTION OF A WARRANT,,MALE,,,,,,,,,,,True,HISPANIC,,,,,,,,,,
522,42.0,,,,,,,,,,,,,MALE,,,,,,,,,,,False,WHITE,,,,,,,,,,
523,38.0,,,37.0,,,,,,,,,,MALE,,,MALE,MALE,,,,,,,True,WHITE,,,WHITE,,,,,,,
524,28.0,,,,,,,,,,,,,MALE,,,,,,,,,,,True,HISPANIC,,,,,,,,,,
525,27.0,,,25.0,,,,,,,,,,MALE,,,MALE,,,,,,,,True,WHITE,,,WHITE,,,,,,,
526,35.0,,,,,,,,,,,,,MALE,,,,,,,,,,,True,OTHER,,,,,,,,,,
527,33.0,,,33.0,54.0,28.0,26.0,,,,,HOSTAGE/BARRICADE/OTHER EMERG SITUATION,,MALE,,,MALE,MALE,MALE,MALE,,,,,True,WHITE,,,WHITE,BLACK,WHITE,WHITE,,,,
528,52.0,,,,,,,,,,,,,MALE,,,,,,,,,,,True,BLACK,,,,,,,,,,
529,29.0,,,,,,,,,,,,,MALE,,,,,,,,,,,True,HISPANIC,,,,,,,,,,
530,30.0,,,,,,,,,,,,,FEMALE,,,,,,,,,,,False,WHITE,,,,,,,,,,
531,37.0,,,31.0,,,,,,,,,,MALE,,,MALE,,,,,,,,True,WHITE,,,HISPANIC,,,,,,,
532,29.0,,,30.0,34.0,35.0,,,,,,TRAFFIC STOP,,MALE,,,FEMALE,MALE,MALE,,,,,,True,HISPANIC,,,HISPANIC,WHITE,WHITE,,,,,
533,29.0,,,30.0,34.0,35.0,,,,,,TRAFFIC STOP,,MALE,,,FEMALE,MALE,MALE,,,,,,True,HISPANIC,,,HISPANIC,WHITE,WHITE,,,,,
534,50.0,,,,,,,,,,,HOSTAGE/BARRICADE/OTHER EMERG SITUATION,,MALE,,,,,,,,,,,True,WHITE,,,,,,,,,,
535,25.0,,,,,,,,,,,,,MALE,,,,,,,,,,,True,WHITE,,,,,,,,,,
536,39.0,,,,,,,,,,,,,MALE,,,,,,,,,,,True,WHITE,,,,,,,,,,
537,43.0,,,32.0,,,,,,,,,,MALE,,,MALE,,,,,,,,True,WHITE,,,WHITE,,,,,,,
538,44.0,,,25.0,41.0,29.0,25.0,,,,,,,MALE,,,MALE,MALE,MALE,MALE,,,,,True,WHITE,,,WHITE,WHITE,WHITE,WHITE,,,,
539,43.0,,,47.0,33.0,41.0,,,,,,,,MALE,,,MALE,MALE,MALE,,,,,,True,WHITE,,,WHITE,WHITE,WHITE,,,,,
540,29.0,,,32.0,,,,,,,,,,MALE,,,MALE,,,,,,,,True,WHITE,,,WHITE,,,,,,,
541,41.0,,,25.0,28.0,42.0,29.0,26.0,22.0,41.0,29.0,,,MALE,,,FEMALE,MALE,FEMALE,MALE,MALE,MALE,MALE,MALE,True,HISPANIC,,,HISPANIC,HISPANIC,HISPANIC,WHITE,HISPANIC,HISPANIC,HISPANIC,HISPANIC
542,43.0,,,,,,,,,,,,,MALE,,,,,,,,,,,True,WHITE,,,,,,,,,,
543,31.0,,,30.0,37.0,,,,,,,,,MALE,,,MALE,MALE,,,,,,,True,WHITE,,,WHITE,WHITE,,,,,,
544,40.0,,,35.0,,,,,,,,,,MALE,,,MALE,,,,,,,,True,WHITE,,,WHITE,,,,,,,
545,44.0,,,30.0,,,,,,,,,,MALE,,,MALE,,,,,,,,True,WHITE,,,WHITE,,,,,,,
546,44.0,,,39.0,31.0,,,,,,,,,MALE,,,MALE,MALE,,,,,,,True,HISPANIC,,,HISPANIC,HISPANIC,,,,,,
547,29.0,,,,,,,,,,,,,MALE,,,,,,,,,,,True,HISPANIC,,,,,,,,,,
548,29.0,,,,,,,,,,,,,MALE,,,,,,,,,,,True,HISPANIC,,,,,,,,,,
549,24.0,,,35.0,42.0,,,,,,,HOSTAGE/BARRICADE/OTHER EMERG SITUATION,,MALE,,,MALE,MALE,,,,,,,True,WHITE,,,WHITE,WHITE,,,,,,
550,43.0,,,34.0,,,,,,,,,,MALE,,,MALE,,,,,,,,False,WHITE,,,WHITE,,,,,,,
551,47.0,,,29.0,47.0,33.0,33.0,,,,,,,MALE,,,MALE,MALE,MALE,MALE,,,,,True,WHITE,,,WHITE,OTHER,OTHER,WHITE,,,,
552,32.0,,,56.0,68.0,59.0,58.0,56.0,,,,,,MALE,,,MALE,MALE,MALE,MALE,MALE,,,,True,WHITE,,,WHITE,WHITE,WHITE,WHITE,WHITE,,,
553,37.0,,,,,,,,,,,OTHER,,MALE,,,,,,,,,,,True,WHITE,,,,,,,,,,
554,25.0,,,,,,,,,,,,,MALE,,,,,,,,,,,True,HISPANIC,,,,,,,,,,
555,33.0,,,55.0,,,,,,,,,,MALE,,,MALE,,,,,,,,True,HISPANIC,,,WHITE,,,,,,,
556,29.0,,,28.0,27.0,,,,,,,,,MALE,,,MALE,MALE,,,,,,,True,WHITE,,,HISPANIC,BLACK,,,,,,
557,36.0,,,56.0,58.0,,,,,,,,,MALE,,,MALE,MALE,,,,,,,True,HISPANIC,,,HISPANIC,HISPANIC,,,,,,
558,25.0,,,,,,,,,,,,,FEMALE,,,,,,,,,,,True,WHITE,,,,,,,,,,
559,42.0,,,37.0,,,,,,,,,,MALE,,,FEMALE,,,,,,,,True,WHITE,,,WHITE,,,,,,,
560,37.0,,,,,,,,,,,,,FEMALE,,,,,,,,,,,True,WHITE,,,,,,,,,,
561,48.0,,,,,,,,,,,,,MALE,,,,,,,,,,,True,HISPANIC,,,,,,,,,,
562,28.0,,,,,,,,,,,,,MALE,,,,,,,,,,,True,WHITE,,,,,,,,,,
563,23.0,,,22.0,,,,,,,,,,MALE,,,MALE,,,,,,,,True,HISPANIC,,,WHITE,,,,,,,
564,34.0,,,,,,,,,,,,,MALE,,,,,,,,,,,True,HISPANIC,,,,,,,,,,
565,45.0,,,,,,,,,,,,,MALE,,,,,,,,,,,True,WHITE,,,,,,,,,,
566,35.0,,,,,,,,,,,,,MALE,,,,,,,,,,,True,WHITE,,,,,,,,,,
567,26.0,,,,,,,,,,,,,FEMALE,,,,,,,,,,,True,WHITE,,,,,,,,,,
568,43.0,,,,,,,,,,,,,MALE,,,,,,,,,,,True,WHITE,,,,,,,,,,
569,36.0,,,27.0,,,,,,,,,,MALE,,,MALE,,,,,,,,True,WHITE,,,HISPANIC,,,,,,,
570,59.0,,,,,,,,,,,,,MALE,,,,,,,,,,,True,WHITE,,,,,,,,,,
571,41.0,,,,,,,,,,,EXECUTION OF A WARRANT,,MALE,,,,,,,,,,,True,WHITE,,,,,,,,,,
572,27.0,,,51.0,49.0,37.0,27.0,,,,,,,MALE,,,MALE,MALE,MALE,MALE,,,,,True,HISPANIC,,,HISPANIC,HISPANIC,HISPANIC,HISPANIC,,,,
573,26.0,,,,,,,,,,,,,MALE,,,,,,,,,,,True,BLACK,,,,,,,,,,
574,22.0,,,,,,,,,,,,,MALE,,,,,,,,,,,True,HISPANIC,,,,,,,,,,
575,39.0,,,,,,,,,,,,,MALE,,,,,,,,,,,True,WHITE,,,,,,,,,,
576,28.0,,,29.0,,,,,,,,,,MALE,,,FEMALE,,,,,,,,True,HISPANIC,,,HISPANIC,,,,,,,
577,46.0,,,,,,,,,,,EXECUTION OF A WARRANT,HOSTAGE/BARRICADE/OTHER EMERG SITUATION,MALE,,,,,,,,,,,True,WHITE,,,,,,,,,,
578,27.0,,,,,,,,,,,,,MALE,,,,,,,,,,,True,WHITE,,,,,,,,,,
579,42.0,,,,,,,,,,,"AGGRAVATED ASSAULT, BARRICADED SUBJECT",,MALE,,,,,,,,,,,True,WHITE,,,,,,,,,,
580,37.0,,,,,,,,,,,,,MALE,,,,,,,,,,,True,HISPANIC,,,,,,,,,,
581,46.0,,,,,,,,,,,,,MALE,,,,,,,,,,,True,HISPANIC,,,,,,,,,,
582,26.0,,,,,,,,,,,,,MALE,,,,,,,,,,,True,BLACK,,,,,,,,,,
583,28.0,,,,,,,,,,,TRAFFIC STOP,,MALE,,,,,,,,,,,True,WHITE,,,,,,,,,,
584,32.0,,,,,,,,,,,,,MALE,,,,,,,,,,,True,WHITE,,,,,,,,,,
585,31.0,,,,,,,,,,,HOSTAGE/BARRICADE/OTHER EMERG SITUATION,,MALE,,,,,,,,,,,True,HISPANIC,,,,,,,,,,
586,40.0,,,40.0,,,,,,,,,,MALE,,,MALE,,,,,,,,True,WHITE,,,WHITE,,,,,,,
587,39.0,,,,,,,,,,,,,MALE,,,,,,,,,,,True,OTHER,,,,,,,,,,
588,28.0,,,,,,,,,,,,,MALE,,,,,,,,,,,True,BLACK,,,,,,,,,,
589,34.0,,,,,,,,,,,,,MALE,,,,,,,,,,,True,HISPANIC,,,,,,,,,,
590,29.0,,,,,,,,,,,,,MALE,,,,,,,,,,,True,HISPANIC,,,,,,,,,,
591,27.0,,,41.0,,,,,,,,,,MALE,,,MALE,,,,,,,,True,WHITE,,,HISPANIC,,,,,,,
592,35.0,,,,,,,,,,,,,MALE,,,,,,,,,,,True,WHITE,,,,,,,,,,
593,26.0,,,28.0,28.0,41.0,28.0,,,,,,,MALE,,,MALE,MALE,MALE,MALE,,,,,True,WHITE,,,WHITE,WHITE,HISPANIC,HISPANIC,,,,
594,26.0,,,22.0,,,,,,,,TRAFFIC STOP,,MALE,,,MALE,,,,,,,,True,HISPANIC,,,HISPANIC,,,,,,,
595,31.0,,,25.0,35.0,29.0,22.0,,,,,HOSTAGE/BARRICADE/OTHER EMERG SITUATION,,MALE,,,MALE,MALE,MALE,MALE,,,,,True,WHITE,,,WHITE,WHITE,WHITE,WHITE,,,,
596,33.0,,,,,,,,,,,,,MALE,,,,,,,,,,,True,HISPANIC,,,,,,,,,,
597,30.0,,,35.0,45.0,,,,,,,HOSTAGE/BARRICADE/OTHER EMERG SITUATION,,MALE,,,MALE,MALE,,,,,,,True,HISPANIC,,,HISPANIC,HISPANIC,,,,,,
598,37.0,,,48.0,,,,,,,,,,MALE,,,MALE,,,,,,,,True,WHITE,,,WHITE,,,,,,,
599,34.0,,,35.0,,,,,,,,HOSTAGE/BARRICADE/OTHER EMERG SITUATION,,MALE,,,MALE,,,,,,,,True,WHITE,,,WHITE,,,,,,,
600,27.0,,,,,,,,,,,,,MALE,,,,,,,,,,,True,HISPANIC,,,,,,,,,,
601,50.0,,,30.0,33.0,36.0,33.0,40.0,37.0,,,,,MALE,,,MALE,MALE,MALE,MALE,MALE,MALE,,,True,HISPANIC,,,HISPANIC,HISPANIC,HISPANIC,HISPANIC,HISPANIC,BLACK,,
602,50.0,,,30.0,33.0,36.0,33.0,40.0,37.0,,,,,MALE,,,MALE,MALE,MALE,MALE,MALE,MALE,,,True,HISPANIC,,,HISPANIC,HISPANIC,HISPANIC,HISPANIC,BLACK,HISPANIC,,
603,25.0,,,28.0,,,,,,,,,,MALE,,,MALE,,,,,,,,True,HISPANIC,,,BLACK,,,,,,,
604,33.0,,,,,,,,,,,,,MALE,,,,,,,,,,,True,WHITE,,,,,,,,,,
605,28.0,,,,,,,,,,,,,MALE,,,,,,,,,,,True,WHITE,,,,,,,,,,
606,33.0,,,38.0,,,,,,,,HOSTAGE/BARRICADE/OTHER EMERG SITUATION,,MALE,,,MALE,,,,,,,,True,WHITE,,,WHITE,,,,,,,
607,22.0,,,30.0,40.0,,,,,,,,,MALE,,,MALE,MALE,,,,,,,True,HISPANIC,,,HISPANIC,HISPANIC,,,,,,
608,32.0,,,,,,,,,,,,,FEMALE,,,,,,,,,,,True,WHITE,,,,,,,,,,
609,26.0,,,,,,,,,,,,,MALE,,,,,,,,,,,True,WHITE,,,,,,,,,,
610,26.0,,,,,,,,,,,,,MALE,,,,,,,,,,,True,WHITE,,,,,,,,,,
611,42.0,,,,,,,,,,,,,MALE,,,,,,,,,,,True,WHITE,,,,,,,,,,
612,32.0,,,,,,,,,,,,,MALE,,,,,,,,,,,True,WHITE,,,,,,,,,,
613,49.0,,,,,,,,,,,HOSTAGE/BARRICADE/OTHER EMERG SITUATION,,MALE,,,,,,,,,,,True,HISPANIC,,,,,,,,,,
614,35.0,,,,,,,,,,,,,MALE,,,,,,,,,,,True,WHITE,,,,,,,,,,
615,27.0,,,,,,,,,,,,,MALE,,,,,,,,,,,True,WHITE,,,,,,,,,,
616,28.0,,,,,,,,,,,,,MALE,,,,,,,,,,,True,WHITE,,,,,,,,,,
617,27.0,,,26.0,,,,,,,,,,MALE,,,MALE,,,,,,,,True,WHITE,,,WHITE,,,,,,,
618,31.0,,,,,,,,,,,,,MALE,,,,,,,,,,,True,WHITE,,,,,,,,,,
619,31.0,,,32.0,25.0,31.0,,,,,,,,MALE,,,MALE,MALE,MALE,,,,,,True,BLACK,,,WHITE,WHITE,WHITE,,,,,
620,26.0,,,30.0,,,,,,,,,,MALE,,,MALE,,,,,,,,True,WHITE,,,WHITE,,,,,,,
621,32.0,,,,,,,,,,,,"SUSPECT EVADED IN A MOTOR VEHICLE, FLED ON FOOT WITH A WEAPON, AND FIRED A WEAPON AT THE DEPUTY.",MALE,,,,,,,,,,,True,HISPANIC,,,,,,,,,,
622,28.0,,,25.0,,,,,,,,,,MALE,,,FEMALE,,,,,,,,True,HISPANIC,,,HISPANIC,,,,,,,
623,38.0,,,,,,,,,,,,,MALE,,,,,,,,,,,True,HISPANIC,,,,,,,,,,
624,22.0,,,,,,,,,,,,,FEMALE,,,,,,,,,,,True,WHITE,,,,,,,,,,
625,55.0,,,,,,,,,,,,,MALE,,,,,,,,,,,True,HISPANIC,,,,,,,,,,
626,29.0,,,29.0,,,,,,,,,,MALE,,,MALE,,,,,,,,True,BLACK,,,HISPANIC,,,,,,,
627,23.0,,,,,,,,,,,HOSTAGE/BARRICADE/OTHER EMERG SITUATION,,MALE,,,,,,,,,,,True,HISPANIC,,,,,,,,,,
628,23.0,,,,,,,,,,,,,MALE,,,,,,,,,,,True,WHITE,,,,,,,,,,
629,49.0,,,39.0,,,,,,,,HOSTAGE/BARRICADE/OTHER EMERG SITUATION,VIOLATION OF PROTECTIVE ORDER AND SEXUAL ASSAULT,MALE,,,MALE,,,,,,,,True,WHITE,,,WHITE,,,,,,,
630,49.0,,,,,,,,,,,HOSTAGE/BARRICADE/OTHER EMERG SITUATION,VIOLATION OF PROTECTIVE ORDER AND SEXUAL ASSAULT,MALE,,,,,,,,,,,True,WHITE,,,,,,,,,,
631,35.0,,,38.0,36.0,33.0,,,,,,,ON-SITE OBSERVATION OF CRIME OF VIOLENCE.,MALE,,,MALE,MALE,MALE,,,,,,True,WHITE,,,WHITE,WHITE,BLACK,,,,,
632,49.0,,,,,,,,,,,,,MALE,,,,,,,,,,,True,BLACK,,,,,,,,,,
633,54.0,,,,,,,,,,,,,MALE,,,,,,,,,,,True,HISPANIC,,,,,,,,,,
634,26.0,,,,,,,,,,,,,MALE,,,,,,,,,,,True,HISPANIC,,,,,,,,,,
635,29.0,,,,,,,,,,,"AGGRAVATED ROBBERY WITH A WEAPON, GUN",,MALE,,,,,,,,,,,True,HISPANIC,,,,,,,,,,
636,32.0,,,,,,,,,,,,,MALE,,,,,,,,,,,True,WHITE,,,,,,,,,,
637,44.0,47.0,,46.0,35.0,52.0,36.0,24.0,31.0,38.0,29.0,,,MALE,MALE,,MALE,MALE,MALE,MALE,MALE,MALE,MALE,MALE,True,WHITE,HISPANIC,,WHITE,WHITE,WHITE,WHITE,WHITE,WHITE,HISPANIC,WHITE
638,35.0,,,,,,,,,,,,,MALE,,,,,,,,,,,True,WHITE,,,,,,,,,,
639,38.0,,,30.0,,,,,,,,,,MALE,,,MALE,,,,,,,,True,BLACK,,,WHITE,,,,,,,
640,24.0,,,,,,,,,,,,,MALE,,,,,,,,,,,True,WHITE,,,,,,,,,,
641,49.0,,,,,,,,,,,,,MALE,,,,,,,,,,,True,HISPANIC,,,,,,,,,,
642,46.0,,,,,,,,,,,,,MALE,,,,,,,,,,,True,HISPANIC,,,,,,,,,,
643,43.0,,,,,,,,,,,,,MALE,,,,,,,,,,,True,HISPANIC,,,,,,,,,,
644,33.0,,,,,,,,,,,,,MALE,,,,,,,,,,,True,HISPANIC,,,,,,,,,,
645,39.0,,,21.0,,,,,,,,,,MALE,,,MALE,,,,,,,,True,WHITE,,,WHITE,,,,,,,
646,33.0,,,,,,,,,,,,,MALE,,,,,,,,,,,True,WHITE,,,,,,,,,,
647,29.0,,,,,,,,,,,,,MALE,,,,,,,,,,,True,WHITE,,,,,,,,,,
648,49.0,,,,,,,,,,,,,MALE,,,,,,,,,,,True,HISPANIC,,,,,,,,,,
649,39.0,,,,,,,,,,,,,MALE,,,,,,,,,,,True,WHITE,,,,,,,,,,
650,39.0,,,,,,,,,,,,,MALE,,,,,,,,,,,True,WHITE,,,,,,,,,,
651,31.0,,,50.0,,,,,,,,HOSTAGE/BARRICADE/OTHER EMERG SITUATION,,MALE,,,MALE,,,,,,,,True,WHITE,,,WHITE,,,,,,,
652,32.0,,,28.0,,,,,,,,,,MALE,,,FEMALE,,,,,,,,True,BLACK,,,WHITE,,,,,,,
653,47.0,,,29.0,,,,,,,,,,MALE,,,MALE,,,,,,,,True,WHITE,,,WHITE,,,,,,,
654,33.0,,,31.0,,,,,,,,,,MALE,,,FEMALE,,,,,,,,True,WHITE,,,BLACK,,,,,,,
655,30.0,,,,,,,,,,,,,MALE,,,,,,,,,,,True,HISPANIC,,,,,,,,,,
656,29.0,,,,,,,,,,,,,MALE,,,,,,,,,,,False,WHITE,,,,,,,,,,
657,36.0,,,,,,,,,,,,,MALE,,,,,,,,,,,True,HISPANIC,,,,,,,,,,
658,30.0,,,23.0,28.0,37.0,55.0,36.0,37.0,55.0,36.0,HOSTAGE/BARRICADE/OTHER EMERG SITUATION,,MALE,,,MALE,MALE,MALE,MALE,MALE,MALE,MALE,MALE,True,WHITE,,,WHITE,BLACK,BLACK,WHITE,WHITE,BLACK,WHITE,WHITE
659,33.0,,,,,,,,,,,REQUEST FOR ASSISTANCE,,MALE,,,,,,,,,,,True,WHITE,,,,,,,,,,
660,26.0,,,37.0,55.0,36.0,,,,,,"WELFARE CHECK ON A POSSIBLE SUICIDAL PERSON CALLED IN BY THIRD PARTY. BECAME BARRICADED SUBJECT AFTER SHOT WAS FIRED AND SHE RAN INTO THE HOME, WITHIN MINUTES OF OFFICER ARRIVAL.",,MALE,,,MALE,MALE,MALE,,,,,,True,WHITE,,,BLACK,WHITE,WHITE,,,,,
661,47.0,,,,,,,,,,,,,MALE,,,,,,,,,,,True,HISPANIC,,,,,,,,,,
662,28.0,,,,,,,,,,,,,MALE,,,,,,,,,,,True,WHITE,,,,,,,,,,
663,44.0,,,28.0,29.0,,,,,,,OTHER,,MALE,,,MALE,MALE,,,,,,,True,WHITE,,,WHITE,WHITE,,,,,,
664,44.0,,,,,,,,,,,TRAFFIC STOP,,FEMALE,,,,,,,,,,,True,BLACK,,,,,,,,,,
665,39.0,,,42.0,41.0,,,,,,,,,MALE,,,MALE,MALE,,,,,,,True,WHITE,,,WHITE,WHITE,,,,,,
666,33.0,,,,,,,,,,,HOSTAGE/BARRICADE/OTHER EMERG SITUATION,,MALE,,,,,,,,,,,True,WHITE,,,,,,,,,,
667,24.0,,,,,,,,,,,HOSTAGE/BARRICADE/OTHER EMERG SITUATION,,MALE,,,,,,,,,,,True,WHITE,,,,,,,,,,
668,27.0,,,,,,,,,,,,,MALE,,,,,,,,,,,True,HISPANIC,,,,,,,,,,
669,25.0,,,42.0,27.0,,,,,,,,,MALE,,,MALE,FEMALE,,,,,,,True,HISPANIC,,,WHITE,WHITE,,,,,,
670,36.0,,,25.0,45.0,26.0,29.0,,,,,,,MALE,,,MALE,MALE,MALE,MALE,,,,,True,OTHER,,,HISPANIC,WHITE,WHITE,WHITE,,,,
671,35.0,,,39.0,38.0,,,,,,,TRAFFIC STOP,EXECUTION OF A WARRANT,MALE,,,MALE,MALE,,,,,,,True,WHITE,,,WHITE,WHITE,,,,,,
672,58.0,,,,,,,,,,,,,MALE,,,,,,,,,,,True,WHITE,,,,,,,,,,
673,43.0,,,43.0,,,,,,,,,,MALE,,,MALE,,,,,,,,True,WHITE,,,WHITE,,,,,,,
674,46.0,,,,,,,,,,,,,MALE,,,,,,,,,,,True,OTHER,,,,,,,,,,
675,40.0,,,28.0,47.0,,,,,,,TRAFFIC STOP,,FEMALE,,,MALE,MALE,,,,,,,True,HISPANIC,,,HISPANIC,WHITE,,,,,,
676,30.0,,,40.0,,,,,,,,,,MALE,,,MALE,,,,,,,,True,HISPANIC,,,WHITE,,,,,,,
677,36.0,,,,,,,,,,,,,MALE,,,,,,,,,,,True,WHITE,,,,,,,,,,
678,35.0,,,37.0,44.0,29.0,,,,,,,,MALE,,,FEMALE,MALE,MALE,,,,,,True,HISPANIC,,,HISPANIC,HISPANIC,HISPANIC,,,,,
679,53.0,,,,,,,,,,,,,MALE,,,,,,,,,,,True,WHITE,,,,,,,,,,
680,44.0,,,29.0,35.0,49.0,,,,,,HOSTAGE/BARRICADE/OTHER EMERG SITUATION,,MALE,,,FEMALE,MALE,MALE,,,,,,True,HISPANIC,,,HISPANIC,HISPANIC,HISPANIC,,,,,
681,41.0,,,,,,,,,,,HOSTAGE/BARRICADE/OTHER EMERG SITUATION,,MALE,,,,,,,,,,,True,WHITE,,,,,,,,,,
682,47.0,,,44.0,34.0,,,,,,,BARRICADED SUSPECTS WITH A GUN,,MALE,,,MALE,MALE,,,,,,,True,WHITE,,,WHITE,WHITE,,,,,,
683,27.0,,,24.0,31.0,,,,,,,,,MALE,,,FEMALE,MALE,,,,,,,True,WHITE,,,HISPANIC,HISPANIC,,,,,,
684,36.0,,,25.0,,,,,,,,HOSTAGE/BARRICADE/OTHER EMERG SITUATION,,MALE,,,MALE,,,,,,,,True,BLACK,,,WHITE,,,,,,,
685,40.0,,,,,,,,,,,HOSTAGE/BARRICADE/OTHER EMERG SITUATION,,MALE,,,,,,,,,,,True,WHITE,,,,,,,,,,
686,63.0,,,,,,,,,,,,,MALE,,,,,,,,,,,True,WHITE,,,,,,,,,,
687,30.0,,,48.0,43.0,30.0,,,,,,,,MALE,,,MALE,MALE,MALE,,,,,,True,BLACK,,,BLACK,OTHER,BLACK,,,,,
688,30.0,,,,,,,,,,,,,MALE,,,,,,,,,,,False,WHITE,,,,,,,,,,
689,34.0,,,,,,,,,,,HOSTAGE/BARRICADE/OTHER EMERG SITUATION,,MALE,,,,,,,,,,,True,WHITE,,,,,,,,,,
690,29.0,,,34.0,36.0,29.0,46.0,38.0,45.0,,,,,MALE,,,MALE,MALE,MALE,MALE,MALE,MALE,,,True,WHITE,,,WHITE,WHITE,WHITE,WHITE,WHITE,WHITE,,
691,33.0,,,,,,,,,,,,,MALE,,,,,,,,,,,True,WHITE,,,,,,,,,,
692,51.0,,,,,,,,,,,,,MALE,,,,,,,,,,,True,BLACK,,,,,,,,,,
693,25.0,,,41.0,29.0,28.0,,,,,,,,MALE,,,MALE,MALE,MALE,,,,,,True,WHITE,,,WHITE,HISPANIC,BLACK,,,,,
694,34.0,,,27.0,35.0,46.0,,,,,,,,MALE,,,MALE,MALE,MALE,,,,,,True,WHITE,,,WHITE,HISPANIC,WHITE,,,,,
695,39.0,,,,,,,,,,,,,MALE,,,,,,,,,,,True,WHITE,,,,,,,,,,
696,37.0,,,46.0,41.0,,,,,,,,,MALE,,,MALE,MALE,,,,,,,True,BLACK,,,WHITE,HISPANIC,,,,,,
697,27.0,,,26.0,,,,,,,,,,MALE,,,MALE,,,,,,,,True,WHITE,,,WHITE,,,,,,,
698,25.0,,,,,,,,,,,,,MALE,,,,,,,,,,,True,OTHER,,,,,,,,,,
699,38.0,,,37.0,31.0,24.0,,,,,,,,MALE,,,MALE,MALE,MALE,,,,,,True,HISPANIC,,,HISPANIC,WHITE,WHITE,,,,,
700,34.0,,,22.0,,,,,,,,,,MALE,,,MALE,,,,,,,,True,WHITE,,,WHITE,,,,,,,
701,37.0,,,26.0,,,,,,,,,,FEMALE,,,MALE,,,,,,,,True,WHITE,,,WHITE,,,,,,,
702,34.0,,,33.0,,,,,,,,,,MALE,,,MALE,,,,,,,,True,WHITE,,,BLACK,,,,,,,
703,30.0,,,,,,,,,,,,,MALE,,,,,,,,,,,True,BLACK,,,,,,,,,,
704,26.0,,,29.0,29.0,,,,,,,,,MALE,,,MALE,MALE,,,,,,,True,WHITE,,,HISPANIC,HISPANIC,,,,,,
705,27.0,,,,,,,,,,,,,MALE,,,,,,,,,,,True,WHITE,,,,,,,,,,
706,30.0,,,31.0,,,,,,,,,,MALE,,,MALE,,,,,,,,True,WHITE,,,WHITE,,,,,,,
707,51.0,,,,,,,,,,,,,MALE,,,,,,,,,,,False,BLACK,,,,,,,,,,
708,31.0,,,,,,,,,,,OTHER,,MALE,,,,,,,,,,,True,WHITE,,,,,,,,,,
709,33.0,,,37.0,43.0,31.0,,,,,,,,MALE,,,MALE,MALE,MALE,,,,,,True,HISPANIC,,,HISPANIC,WHITE,HISPANIC,,,,,
710,36.0,,,32.0,26.0,28.0,32.0,28.0,,,,OTHER,,MALE,,,MALE,MALE,MALE,MALE,MALE,,,,True,OTHER,,,WHITE,WHITE,WHITE,WHITE,WHITE,,,
711,49.0,,,,,,,,,,,OTHER,,MALE,,,,,,,,,,,True,WHITE,,,,,,,,,,
712,41.0,,,,,,,,,,,,,MALE,,,,,,,,,,,True,WHITE,,,,,,,,,,
713,23.0,,,,,,,,,,,,,MALE,,,,,,,,,,,True,HISPANIC,,,,,,,,,,
714,50.0,,,,,,,,,,,,,MALE,,,,,,,,,,,True,OTHER,,,,,,,,,,
715,39.0,,,,,,,,,,,,,MALE,,,,,,,,,,,True,WHITE,,,,,,,,,,
716,31.0,,,,,,,,,,,,,MALE,,,,,,,,,,,True,WHITE,,,,,,,,,,
717,46.0,,,37.0,,,,,,,,HOSTAGE/BARRICADE/OTHER EMERG SITUATION,,MALE,,,MALE,,,,,,,,True,WHITE,,,WHITE,,,,,,,
718,29.0,,,27.0,26.0,,,,,,,,,MALE,,,MALE,MALE,,,,,,,True,WHITE,,,WHITE,WHITE,,,,,,
719,32.0,,,,,,,,,,,,,MALE,,,,,,,,,,,True,OTHER,,,,,,,,,,
720,40.0,,,,,,,,,,,,,MALE,,,,,,,,,,,True,WHITE,,,,,,,,,,
721,27.0,,,28.0,,,,,,,,,,MALE,,,MALE,,,,,,,,True,WHITE,,,HISPANIC,,,,,,,
722,37.0,,,38.0,29.0,,,,,,,,,MALE,,,MALE,MALE,,,,,,,True,WHITE,,,HISPANIC,WHITE,,,,,,
723,46.0,,,,,,,,,,,HOSTAGE/BARRICADE/OTHER EMERG SITUATION,,MALE,,,,,,,,,,,True,WHITE,,,,,,,,,,
724,28.0,,,,,,,,,,,,,MALE,,,,,,,,,,,True,HISPANIC,,,,,,,,,,
725,42.0,,,,,,,,,,,,,MALE,,,,,,,,,,,True,WHITE,,,,,,,,,,
726,28.0,,,,,,,,,,,,,MALE,,,,,,,,,,,True,WHITE,,,,,,,,,,
727,43.0,,,,,,,,,,,,,MALE,,,,,,,,,,,True,HISPANIC,,,,,,,,,,
728,31.0,,,,,,,,,,,,,MALE,,,,,,,,,,,True,WHITE,,,,,,,,,,
729,39.0,,,,,,,,,,,,,MALE,,,,,,,,,,,True,HISPANIC,,,,,,,,,,
730,32.0,,,,,,,,,,,,,MALE,,,,,,,,,,,True,WHITE,,,,,,,,,,
731,29.0,,,,,,,,,,,,,MALE,,,,,,,,,,,True,WHITE,,,,,,,,,,
732,28.0,,,,,,,,,,,,,MALE,,,,,,,,,,,True,WHITE,,,,,,,,,,
733,24.0,,,,,,,,,,,OTHER,,MALE,,,,,,,,,,,True,HISPANIC,,,,,,,,,,
734,23.0,,,,,,,,,,,TRAFFIC STOP,,MALE,,,,,,,,,,,True,WHITE,,,,,,,,,,
735,35.0,,,,,,,,,,,,,MALE,,,,,,,,,,,True,WHITE,,,,,,,,,,
736,31.0,,,,,,,,,,,,,MALE,,,,,,,,,,,True,WHITE,,,,,,,,,,
737,24.0,,,,,,,,,,,,,MALE,,,,,,,,,,,True,WHITE,,,,,,,,,,
738,38.0,,,32.0,,,,,,,,,,MALE,,,MALE,,,,,,,,True,WHITE,,,WHITE,,,,,,,
739,48.0,,,49.0,,,,,,,,,,MALE,,,MALE,,,,,,,,True,HISPANIC,,,HISPANIC,,,,,,,
740,42.0,,,,,,,,,,,,,MALE,,,,,,,,,,,True,WHITE,,,,,,,,,,
741,28.0,,,,,,,,,,,,,MALE,,,,,,,,,,,True,WHITE,,,,,,,,,,
742,29.0,,,,,,,,,,,,,MALE,,,,,,,,,,,True,WHITE,,,,,,,,,,
743,38.0,,,33.0,,,,,,,,,,MALE,,,MALE,,,,,,,,True,WHITE,,,HISPANIC,,,,,,,
744,28.0,,,,,,,,,,,,,MALE,,,,,,,,,,,True,WHITE,,,,,,,,,,
745,46.0,,,45.0,46.0,45.0,,,,,,,,MALE,,,MALE,MALE,MALE,,,,,,True,WHITE,,,WHITE,WHITE,WHITE,,,,,
746,25.0,,,42.0,,,,,,,,,,MALE,,,MALE,,,,,,,,True,BLACK,,,HISPANIC,,,,,,,
747,53.0,,,,,,,,,,,,,MALE,,,,,,,,,,,True,WHITE,,,,,,,,,,
748,39.0,,,26.0,,,,,,,,,,MALE,,,FEMALE,,,,,,,,True,WHITE,,,HISPANIC,,,,,,,
749,28.0,,,32.0,26.0,29.0,28.0,32.0,,,,,,MALE,,,MALE,MALE,MALE,MALE,MALE,,,,True,WHITE,,,WHITE,WHITE,WHITE,HISPANIC,WHITE,,,
750,23.0,,,33.0,52.0,,,,,,,,,MALE,,,MALE,MALE,,,,,,,True,HISPANIC,,,HISPANIC,HISPANIC,,,,,,
751,39.0,,,,,,,,,,,,,MALE,,,,,,,,,,,True,HISPANIC,,,,,,,,,,
752,52.0,,,,,,,,,,,,,MALE,,,,,,,,,,,True,HISPANIC,,,,,,,,,,
753,39.0,,,48.0,58.0,42.0,39.0,,,,,,,MALE,,,MALE,MALE,MALE,MALE,,,,,True,WHITE,,,WHITE,WHITE,WHITE,HISPANIC,,,,
754,41.0,,,,,,,,,,,,,MALE,,,,,,,,,,,True,WHITE,,,,,,,,,,
755,48.0,,,,,,,,,,,,,MALE,,,,,,,,,,,True,WHITE,,,,,,,,,,
756,26.0,,,32.0,29.0,,,,,,,OTHER,,MALE,,,MALE,MALE,,,,,,,True,WHITE,,,WHITE,WHITE,,,,,,
757,24.0,,,27.0,42.0,,,,,,,,,FEMALE,,,MALE,MALE,,,,,,,True,HISPANIC,,,HISPANIC,HISPANIC,,,,,,
758,48.0,,,,,,,,,,,,,MALE,,,,,,,,,,,True,WHITE,,,,,,,,,,
759,24.0,,,22.0,,,,,,,,,,MALE,,,MALE,,,,,,,,True,WHITE,,,BLACK,,,,,,,
760,29.0,,,36.0,,,,,,,,OTHER,,MALE,,,MALE,,,,,,,,True,WHITE,,,WHITE,,,,,,,
761,29.0,,,24.0,22.0,25.0,,,,,,,,MALE,,,MALE,MALE,MALE,,,,,,True,HISPANIC,,,HISPANIC,WHITE,HISPANIC,,,,,
762,24.0,,,,,,,,,,,,,MALE,,,,,,,,,,,True,HISPANIC,,,,,,,,,,
763,49.0,,,,,,,,,,,,,MALE,,,,,,,,,,,True,WHITE,,,,,,,,,,
764,28.0,,,24.0,31.0,28.0,,,,,,,,MALE,,,MALE,MALE,MALE,,,,,,True,HISPANIC,,,HISPANIC,WHITE,HISPANIC,,,,,
765,28.0,,,,,,,,,,,,,MALE,,,,,,,,,,,True,WHITE,,,,,,,,,,
766,22.0,,,27.0,27.0,28.0,,,,,,,,MALE,,,MALE,MALE,MALE,,,,,,True,WHITE,,,WHITE,WHITE,WHITE,,,,,
767,34.0,,,,,,,,,,,,,MALE,,,,,,,,,,,True,WHITE,,,,,,,,,,
768,39.0,,,44.0,,,,,,,,,,MALE,,,MALE,,,,,,,,True,WHITE,,,HISPANIC,,,,,,,
769,32.0,,,,,,,,,,,HOSTAGE/BARRICADE/OTHER EMERG SITUATION,,MALE,,,,,,,,,,,True,WHITE,,,,,,,,,,
770,49.0,,,,,,,,,,,,,MALE,,,,,,,,,,,False,WHITE,,,,,,,,,,
771,43.0,,,,,,,,,,,,,FEMALE,,,,,,,,,,,False,HISPANIC,,,,,,,,,,
772,28.0,,,,,,,,,,,,,MALE,,,,,,,,,,,True,BLACK,,,,,,,,,,
773,31.0,,,,,,,,,,,,,MALE,,,,,,,,,,,True,WHITE,,,,,,,,,,
774,52.0,,,,,,,,,,,,,MALE,,,,,,,,,,,True,HISPANIC,,,,,,,,,,
775,28.0,,,,,,,,,,,,,MALE,,,,,,,,,,,True,HISPANIC,,,,,,,,,,
776,29.0,,,39.0,,,,,,,,,,MALE,,,MALE,,,,,,,,True,HISPANIC,,,HISPANIC,,,,,,,
777,30.0,,,,,,,,,,,,,MALE,,,,,,,,,,,True,WHITE,,,,,,,,,,
778,31.0,,,38.0,,,,,,,,,,MALE,,,MALE,,,,,,,,True,WHITE,,,HISPANIC,,,,,,,
779,31.0,,,38.0,,,,,,,,,,MALE,,,MALE,,,,,,,,True,WHITE,,,HISPANIC,,,,,,,
780,36.0,,,,,,,,,,,,,MALE,,,,,,,,,,,True,HISPANIC,,,,,,,,,,
781,21.0,,,34.0,,,,,,,,,,MALE,,,MALE,,,,,,,,True,WHITE,,,WHITE,,,,,,,
782,25.0,,,29.0,43.0,35.0,26.0,28.0,28.0,28.0,,TRAFFIC STOP,OTHER,MALE,,,MALE,MALE,MALE,MALE,MALE,MALE,MALE,,True,HISPANIC,,,WHITE,WHITE,HISPANIC,WHITE,WHITE,WHITE,WHITE,
783,26.0,,,26.0,,,,,,,,,,MALE,,,MALE,,,,,,,,True,HISPANIC,,,WHITE,,,,,,,
784,27.0,,,31.0,42.0,,,,,,,,,MALE,,,MALE,MALE,,,,,,,True,WHITE,,,BLACK,WHITE,,,,,,
785,25.0,,,30.0,,,,,,,,,,FEMALE,,,MALE,,,,,,,,True,WHITE,,,HISPANIC,,,,,,,
786,41.0,,,48.0,40.0,50.0,,,,,,,,MALE,,,MALE,MALE,MALE,,,,,,True,WHITE,,,WHITE,WHITE,WHITE,,,,,
787,26.0,,,,,,,,,,,,,MALE,,,,,,,,,,,True,BLACK,,,,,,,,,,
788,54.0,,,,,,,,,,,,,MALE,,,,,,,,,,,True,WHITE,,,,,,,,,,
789,53.0,,,48.0,,,,,,,,,,MALE,,,MALE,,,,,,,,False,WHITE,,,HISPANIC,,,,,,,
790,53.0,,,,,,,,,,,,,MALE,,,,,,,,,,,False,WHITE,,,,,,,,,,
791,27.0,,,,,,,,,,,TRAFFIC STOP,OTHER,MALE,,,,,,,,,,,True,HISPANIC,,,,,,,,,,
792,34.0,,,,,,,,,,,,,FEMALE,,,,,,,,,,,True,HISPANIC,,,,,,,,,,
793,30.0,,,,,,,,,,,,,MALE,,,,,,,,,,,True,WHITE,,,,,,,,,,
794,28.0,,,68.0,28.0,,,,,,,,,MALE,,,MALE,MALE,,,,,,,True,HISPANIC,,,WHITE,WHITE,,,,,,
795,27.0,,,33.0,,,,,,,,,,FEMALE,,,MALE,,,,,,,,True,WHITE,,,WHITE,,,,,,,
796,29.0,,,,,,,,,,,,,MALE,,,,,,,,,,,True,WHITE,,,,,,,,,,
797,42.0,,,33.0,,,,,,,,,,MALE,,,MALE,,,,,,,,True,HISPANIC,,,HISPANIC,,,,,,,
798,27.0,,,,,,,,,,,,,MALE,,,,,,,,,,,True,HISPANIC,,,,,,,,,,
799,28.0,,,,,,,,,,,,,MALE,,,,,,,,,,,True,WHITE,,,,,,,,,,
800,33.0,,,26.0,34.0,46.0,27.0,31.0,50.0,32.0,34.0,,,MALE,,,MALE,MALE,MALE,MALE,MALE,MALE,MALE,MALE,True,WHITE,,,WHITE,WHITE,WHITE,WHITE,WHITE,WHITE,WHITE,WHITE
801,30.0,,,48.0,43.0,26.0,39.0,,,,,,,MALE,,,MALE,MALE,MALE,MALE,,,,,True,WHITE,,,WHITE,WHITE,WHITE,BLACK,,,,
802,21.0,,,25.0,,,,,,,,,,MALE,,,MALE,,,,,,,,True,HISPANIC,,,WHITE,,,,,,,
803,32.0,,,,,,,,,,,,,MALE,,,,,,,,,,,True,WHITE,,,,,,,,,,
804,57.0,,,,,,,,,,,,,MALE,,,,,,,,,,,True,HISPANIC,,,,,,,,,,
805,30.0,,,46.0,,,,,,,,,,MALE,,,MALE,,,,,,,,True,WHITE,,,WHITE,,,,,,,
806,29.0,,,42.0,,,,,,,,HOSTAGE/BARRICADE/OTHER EMERG SITUATION,,MALE,,,MALE,,,,,,,,True,WHITE,,,WHITE,,,,,,,
807,32.0,,,,,,,,,,,,,MALE,,,,,,,,,,,True,HISPANIC,,,,,,,,,,
808,28.0,,,,,,,,,,,,,MALE,,,,,,,,,,,True,WHITE,,,,,,,,,,
809,30.0,,,,,,,,,,,,,MALE,,,,,,,,,,,True,WHITE,,,,,,,,,,
810,26.0,,,25.0,36.0,29.0,31.0,,,,,,,MALE,,,MALE,MALE,MALE,MALE,,,,,True,HISPANIC,,,WHITE,HISPANIC,HISPANIC,WHITE,,,,
811,47.0,,,,,,,,,,,,,MALE,,,,,,,,,,,True,WHITE,,,,,,,,,,
812,39.0,,,34.0,,,,,,,,OTHER,,MALE,,,FEMALE,,,,,,,,True,WHITE,,,WHITE,,,,,,,
813,26.0,,,,,,,,,,,,,FEMALE,,,,,,,,,,,True,WHITE,,,,,,,,,,
814,25.0,,,24.0,,,,,,,,,,MALE,,,MALE,,,,,,,,True,WHITE,,,WHITE,,,,,,,
815,42.0,,,41.0,32.0,32.0,32.0,,,,,,,MALE,,,MALE,MALE,MALE,MALE,,,,,True,HISPANIC,,,HISPANIC,HISPANIC,HISPANIC,HISPANIC,,,,
816,41.0,,,,,,,,,,,,,MALE,,,,,,,,,,,True,HISPANIC,,,,,,,,,,
817,44.0,,,,,,,,,,,,,MALE,,,,,,,,,,,True,WHITE,,,,,,,,,,
818,28.0,,,,,,,,,,,,,MALE,,,,,,,,,,,False,HISPANIC,,,,,,,,,,
819,28.0,,,,,,,,,,,,,MALE,,,,,,,,,,,False,HISPANIC,,,,,,,,,,
820,25.0,,,,,,,,,,,,,MALE,,,,,,,,,,,True,WHITE,,,,,,,,,,
821,45.0,,,,,,,,,,,,,MALE,,,,,,,,,,,True,BLACK,,,,,,,,,,
822,34.0,,,33.0,31.0,,,,,,,,,MALE,,,MALE,MALE,,,,,,,True,WHITE,,,WHITE,WHITE,,,,,,
823,26.0,,,57.0,,,,,,,,TRAFFIC STOP,,MALE,,,MALE,,,,,,,,True,WHITE,,,WHITE,,,,,,,
824,35.0,,,37.0,,,,,,,,,,MALE,,,MALE,,,,,,,,True,HISPANIC,,,HISPANIC,,,,,,,
825,31.0,,,,,,,,,,,,,MALE,,,,,,,,,,,True,HISPANIC,,,,,,,,,,
826,27.0,,,,,,,,,,,,,MALE,,,,,,,,,,,True,HISPANIC,,,,,,,,,,
827,30.0,,,,,,,,,,,,,MALE,,,,,,,,,,,True,WHITE,,,,,,,,,,
828,29.0,,,,,,,,,,,,,MALE,,,,,,,,,,,True,BLACK,,,,,,,,,,
829,31.0,,,29.0,33.0,27.0,,,,,,,,MALE,,,MALE,MALE,MALE,,,,,,True,BLACK,,,HISPANIC,HISPANIC,WHITE,,,,,
830,31.0,,,,,,,,,,,,,MALE,,,,,,,,,,,True,WHITE,,,,,,,,,,
831,25.0,,,,,,,,,,,TRAFFIC STOP,HOSTAGE/BARRICADE/OTHER EMERG SITUATION,MALE,,,,,,,,,,,True,WHITE,,,,,,,,,,
832,23.0,,,31.0,23.0,26.0,35.0,,,,,,,MALE,,,MALE,MALE,MALE,MALE,,,,,True,HISPANIC,,,OTHER,HISPANIC,HISPANIC,WHITE,,,,
833,37.0,,,,,,,,,,,,,MALE,,,,,,,,,,,True,OTHER,,,,,,,,,,
834,23.0,,,,,,,,,,,,,MALE,,,,,,,,,,,True,HISPANIC,,,,,,,,,,
835,55.0,,,43.0,,,,,,,,,,MALE,,,MALE,,,,,,,,True,WHITE,,,WHITE,,,,,,,
836,28.0,,,,,,,,,,,,,MALE,,,,,,,,,,,True,WHITE,,,,,,,,,,
837,26.0,,,23.0,,,,,,,,,,MALE,,,MALE,,,,,,,,True,HISPANIC,,,OTHER,,,,,,,
838,41.0,,,28.0,36.0,31.0,,,,,,,,MALE,,,MALE,MALE,MALE,,,,,,True,HISPANIC,,,HISPANIC,HISPANIC,BLACK,,,,,
839,32.0,,,,,,,,,,,,,MALE,,,,,,,,,,,True,WHITE,,,,,,,,,,
840,32.0,,,,,,,,,,,,,MALE,,,,,,,,,,,True,BLACK,,,,,,,,,,
841,40.0,,,40.0,,,,,,,,,,MALE,,,MALE,,,,,,,,True,WHITE,,,WHITE,,,,,,,
842,22.0,,,,,,,,,,,,,MALE,,,,,,,,,,,True,WHITE,,,,,,,,,,
843,31.0,,,,,,,,,,,,,MALE,,,,,,,,,,,True,HISPANIC,,,,,,,,,,
844,33.0,,,,,,,,,,,,,MALE,,,,,,,,,,,True,HISPANIC,,,,,,,,,,
845,27.0,,,,,,,,,,,,,MALE,,,,,,,,,,,True,BLACK,,,,,,,,,,
846,26.0,,,,,,,,,,,,,MALE,,,,,,,,,,,True,OTHER,,,,,,,,,,
847,33.0,,,,,,,,,,,,,MALE,,,,,,,,,,,True,HISPANIC,,,,,,,,,,
848,27.0,,,,,,,,,,,,,MALE,,,,,,,,,,,True,BLACK,,,,,,,,,,
849,29.0,,,,,,,,,,,,,MALE,,,,,,,,,,,True,HISPANIC,,,,,,,,,,
850,45.0,,,,,,,,,,,,,MALE,,,,,,,,,,,True,WHITE,,,,,,,,,,
851,41.0,,,,,,,,,,,,,MALE,,,,,,,,,,,True,WHITE,,,,,,,,,,
852,25.0,,,23.0,,,,,,,,,,MALE,,,MALE,,,,,,,,True,HISPANIC,,,HISPANIC,,,,,,,
853,46.0,,,,,,,,,,,EXECUTION OF A WARRANT,HOSTAGE/BARRICADE/OTHER EMERG SITUATION,MALE,,,,,,,,,,,True,HISPANIC,,,,,,,,,,
854,23.0,,,49.0,36.0,30.0,,,,,,,,MALE,,,MALE,MALE,MALE,,,,,,True,HISPANIC,,,WHITE,WHITE,WHITE,,,,,
855,36.0,,,,,,,,,,,,,MALE,,,,,,,,,,,True,WHITE,,,,,,,,,,
856,25.0,,,31.0,39.0,,,,,,,,,MALE,,,MALE,MALE,,,,,,,True,WHITE,,,HISPANIC,WHITE,,,,,,
857,29.0,,,27.0,,,,,,,,,,MALE,,,MALE,,,,,,,,True,WHITE,,,HISPANIC,,,,,,,
858,34.0,,,,,,,,,,,,,MALE,,,,,,,,,,,True,BLACK,,,,,,,,,,
859,49.0,,,,,,,,,,,,,MALE,,,,,,,,,,,True,BLACK,,,,,,,,,,
860,22.0,,,,,,,,,,,,,MALE,,,,,,,,,,,True,WHITE,,,,,,,,,,
861,23.0,,,24.0,,,,,,,,TRAFFIC STOP,,MALE,,,MALE,,,,,,,,True,WHITE,,,HISPANIC,,,,,,,
862,30.0,,,25.0,26.0,,,,,,,,,MALE,,,MALE,MALE,,,,,,,True,WHITE,,,WHITE,WHITE,,,,,,
863,31.0,,,48.0,,,,,,,,,,FEMALE,,,FEMALE,,,,,,,,True,HISPANIC,,,WHITE,,,,,,,
864,27.0,,,25.0,,,,,,,,,,MALE,,,MALE,,,,,,,,True,HISPANIC,,,HISPANIC,,,,,,,
865,29.0,,,,,,,,,,,HOSTAGE/BARRICADE/OTHER EMERG SITUATION,,MALE,,,,,,,,,,,True,WHITE,,,,,,,,,,
866,34.0,,,,,,,,,,,,,MALE,,,,,,,,,,,True,BLACK,,,,,,,,,,
867,33.0,,,22.0,24.0,,,,,,,,,MALE,,,FEMALE,MALE,,,,,,,True,WHITE,,,HISPANIC,WHITE,,,,,,
868,56.0,,,,,,,,,,,,,MALE,,,,,,,,,,,True,WHITE,,,,,,,,,,
869,37.0,,,,,,,,,,,,,MALE,,,,,,,,,,,True,HISPANIC,,,,,,,,,,
870,34.0,,,,,,,,,,,HOSTAGE/BARRICADE/OTHER EMERG SITUATION,,MALE,,,,,,,,,,,True,WHITE,,,,,,,,,,
871,25.0,,,,,,,,,,,,,MALE,,,,,,,,,,,True,BLACK,,,,,,,,,,
872,25.0,,,,,,,,,,,,,MALE,,,,,,,,,,,True,BLACK,,,,,,,,,,
873,35.0,,,,,,,,,,,,,FEMALE,,,,,,,,,,,True,HISPANIC,,,,,,,,,,
874,48.0,,,,,,,,,,,HOSTAGE/BARRICADE/OTHER EMERG SITUATION,OTHER,MALE,,,,,,,,,,,True,WHITE,,,,,,,,,,
875,26.0,,,29.0,47.0,,,,,,,,,MALE,,,MALE,MALE,,,,,,,True,WHITE,,,BLACK,HISPANIC,,,,,,
876,40.0,,,,,,,,,,,,,MALE,,,,,,,,,,,True,HISPANIC,,,,,,,,,,
877,30.0,,,36.0,,,,,,,,,,MALE,,,MALE,,,,,,,,True,HISPANIC,,,HISPANIC,,,,,,,
878,53.0,,,,,,,,,,,,,MALE,,,,,,,,,,,True,HISPANIC,,,,,,,,,,
879,56.0,,,31.0,,,,,,,,,,MALE,,,MALE,,,,,,,,True,WHITE,,,WHITE,,,,,,,
880,37.0,,,32.0,,,,,,,,,,MALE,,,MALE,,,,,,,,True,HISPANIC,,,WHITE,,,,,,,
881,31.0,,,,,,,,,,,,,MALE,,,,,,,,,,,True,HISPANIC,,,,,,,,,,
882,31.0,,,,,,,,,,,,,MALE,,,,,,,,,,,True,WHITE,,,,,,,,,,
883,34.0,,,,,,,,,,,,,MALE,,,,,,,,,,,True,WHITE,,,,,,,,,,
884,40.0,,,,,,,,,,,,,MALE,,,,,,,,,,,True,WHITE,,,,,,,,,,
885,28.0,,,30.0,,,,,,,,,,MALE,,,MALE,,,,,,,,True,HISPANIC,,,HISPANIC,,,,,,,
886,37.0,,,36.0,26.0,,,,,,,AGGRAVATED ASSAULT,HOSTAGE/BARRICADE/OTHER EMERG SITUATION,MALE,,,MALE,MALE,,,,,,,True,HISPANIC,,,HISPANIC,HISPANIC,,,,,,
887,27.0,,,26.0,,,,,,,,,,MALE,,,MALE,,,,,,,,True,HISPANIC,,,HISPANIC,,,,,,,
888,45.0,,,,,,,,,,,,,MALE,,,,,,,,,,,False,WHITE,,,,,,,,,,
889,44.0,,,32.0,42.0,,,,,,,,,MALE,,,MALE,MALE,,,,,,,True,HISPANIC,,,WHITE,WHITE,,,,,,
890,27.0,,,23.0,,,,,,,,,,MALE,,,MALE,,,,,,,,True,WHITE,,,HISPANIC,,,,,,,
891,40.0,,,39.0,,,,,,,,TRAFFIC STOP,,MALE,,,FEMALE,,,,,,,,True,HISPANIC,,,HISPANIC,,,,,,,
892,26.0,,,,,,,,,,,,,MALE,,,,,,,,,,,False,BLACK,,,,,,,,,,
893,26.0,,,25.0,27.0,,,,,,,,,MALE,,,MALE,MALE,,,,,,,True,HISPANIC,,,HISPANIC,HISPANIC,,,,,,
894,30.0,,,32.0,30.0,,,,,,,TRAFFIC STOP; EXECUTION OF A WARRANT,,MALE,,,MALE,MALE,,,,,,,True,WHITE,,,WHITE,HISPANIC,,,,,,
895,27.0,,,,,,,,,,,,,MALE,,,,,,,,,,,True,HISPANIC,,,,,,,,,,
896,45.0,,,43.0,,,,,,,,OTHER,,MALE,,,MALE,,,,,,,,True,WHITE,,,WHITE,,,,,,,
897,52.0,,,,,,,,,,,OTHER,,MALE,,,,,,,,,,,True,HISPANIC,,,,,,,,,,
898,52.0,,,,,,,,,,,,,MALE,,,,,,,,,,,True,WHITE,,,,,,,,,,
899,45.0,,,29.0,46.0,,,,,,,,,MALE,,,MALE,MALE,,,,,,,False,HISPANIC,,,BLACK,HISPANIC,,,,,,
900,30.0,,,31.0,26.0,,,,,,,,,MALE,,,MALE,MALE,,,,,,,True,WHITE,,,WHITE,HISPANIC,,,,,,
901,28.0,,,,,,,,,,,,,MALE,,,,,,,,,,,True,WHITE,,,,,,,,,,
902,51.0,,,55.0,,,,,,,,,,MALE,,,MALE,,,,,,,,True,HISPANIC,,,HISPANIC,,,,,,,
903,55.0,,,,,,,,,,,,,MALE,,,,,,,,,,,True,HISPANIC,,,,,,,,,,
904,27.0,,,,,,,,,,,,,MALE,,,,,,,,,,,True,WHITE,,,,,,,,,,
905,32.0,,,,,,,,,,,,,MALE,,,,,,,,,,,True,WHITE,,,,,,,,,,
906,44.0,,,26.0,38.0,30.0,44.0,28.0,,,,,,MALE,,,MALE,MALE,MALE,MALE,MALE,,,,True,BLACK,,,BLACK,HISPANIC,WHITE,HISPANIC,HISPANIC,,,
907,34.0,,,26.0,,,,,,,,,,MALE,,,MALE,,,,,,,,True,WHITE,,,WHITE,,,,,,,
908,26.0,,,,,,,,,,,,,MALE,,,,,,,,,,,True,WHITE,,,,,,,,,,
909,22.0,,,,,,,,,,,,,MALE,,,,,,,,,,,True,WHITE,,,,,,,,,,
910,25.0,,,,,,,,,,,,,MALE,,,,,,,,,,,True,WHITE,,,,,,,,,,
911,39.0,,,36.0,37.0,33.0,25.0,52.0,,,,HOSTAGE/BARRICADE/OTHER EMERG SITUATION,,MALE,,,MALE,MALE,MALE,MALE,MALE,,,,True,WHITE,,,WHITE,WHITE,WHITE,WHITE,WHITE,,,
912,30.0,,,23.0,,,,,,,,,,MALE,,,MALE,,,,,,,,True,WHITE,,,HISPANIC,,,,,,,
913,36.0,,,32.0,31.0,52.0,,,,,,,,MALE,,,MALE,MALE,MALE,,,,,,True,HISPANIC,,,WHITE,WHITE,WHITE,,,,,
914,65.0,,,,,,,,,,,,,MALE,,,,,,,,,,,True,BLACK,,,,,,,,,,
915,40.0,,,,,,,,,,,,,MALE,,,,,,,,,,,True,HISPANIC,,,,,,,,,,
916,29.0,,,,,,,,,,,,,MALE,,,,,,,,,,,True,HISPANIC,,,,,,,,,,
917,32.0,,,,,,,,,,,,,FEMALE,,,,,,,,,,,True,BLACK,,,,,,,,,,
918,32.0,,,27.0,,,,,,,,,,MALE,,,MALE,,,,,,,,True,HISPANIC,,,WHITE,,,,,,,
919,30.0,,,,,,,,,,,,,MALE,,,,,,,,,,,True,WHITE,,,,,,,,,,
920,38.0,,,37.0,50.0,,,,,,,,,MALE,,,MALE,MALE,,,,,,,True,HISPANIC,,,HISPANIC,WHITE,,,,,,
921,29.0,,,,,,,,,,,,,MALE,,,,,,,,,,,True,OTHER,,,,,,,,,,
922,26.0,,,,,,,,,,,,,MALE,,,,,,,,,,,True,WHITE,,,,,,,,,,
923,28.0,,,,,,,,,,,,,MALE,,,,,,,,,,,True,HISPANIC,,,,,,,,,,
924,22.0,,,,,,,,,,,,,MALE,,,,,,,,,,,True,HISPANIC,,,,,,,,,,
925,31.0,,,30.0,,,,,,,,,,MALE,,,MALE,,,,,,,,True,WHITE,,,WHITE,,,,,,,
926,48.0,,,,,,,,,,,,,MALE,,,,,,,,,,,True,WHITE,,,,,,,,,,
927,33.0,,,,,,,,,,,,,MALE,,,,,,,,,,,True,WHITE,,,,,,,,,,
928,32.0,,,,,,,,,,,,,MALE,,,,,,,,,,,True,HISPANIC,,,,,,,,,,
929,47.0,,,33.0,47.0,,,,,,,,,MALE,,,MALE,MALE,,,,,,,True,HISPANIC,,,WHITE,HISPANIC,,,,,,
930,34.0,,,,,,,,,,,,,MALE,,,,,,,,,,,True,HISPANIC,,,,,,,,,,
931,37.0,,,37.0,35.0,31.0,38.0,40.0,,,,,,MALE,,,MALE,MALE,MALE,MALE,MALE,,,,True,OTHER,,,HISPANIC,HISPANIC,WHITE,HISPANIC,WHITE,,,
932,41.0,,,,,,,,,,,,,MALE,,,,,,,,,,,True,WHITE,,,,,,,,,,
933,27.0,,,27.0,,,,,,,,,,MALE,,,MALE,,,,,,,,True,WHITE,,,WHITE,,,,,,,
934,55.0,,,,,,,,,,,,,MALE,,,,,,,,,,,True,WHITE,,,,,,,,,,
935,41.0,,,26.0,49.0,34.0,41.0,36.0,40.0,,,,,MALE,,,MALE,MALE,MALE,MALE,MALE,MALE,,,True,WHITE,,,WHITE,WHITE,WHITE,BLACK,WHITE,HISPANIC,,
936,25.0,,,,,,,,,,,,,MALE,,,,,,,,,,,True,BLACK,,,,,,,,,,
937,44.0,,,,,,,,,,,,,MALE,,,,,,,,,,,True,WHITE,,,,,,,,,,
938,30.0,,,29.0,30.0,37.0,,,,,,,,MALE,,,MALE,MALE,MALE,,,,,,True,WHITE,,,WHITE,WHITE,HISPANIC,,,,,
939,39.0,,,,,,,,,,,,,MALE,,,,,,,,,,,False,BLACK,,,,,,,,,,
940,34.0,,,,,,,,,,,,,MALE,,,,,,,,,,,True,WHITE,,,,,,,,,,
941,26.0,,,,,,,,,,,,,MALE,,,,,,,,,,,True,BLACK,,,,,,,,,,
942,45.0,,,,,,,,,,,,,MALE,,,,,,,,,,,True,WHITE,,,,,,,,,,
